DataDate,SecurityID,WindCode,SecName,TgtQty,MarginOrNotMark,AvlQtyInPrivatePool,AvlQtyInPublicPool,QuotaOnLastTrdDate,QtyToLock,QtyToBorrowFromPublicSecPool,QtyToBorrowFromOutsideSource
20201029,000004,000004.SZ,国农科技,1000,0,0.0,0.0,0.0,0.0,0.0,0.0
20201029,000006,000006.SZ,深振业A,1000,1,0.0,0.0,0.0,0.0,0.0,1000.0
20201029,000007,000007.SZ,全新好,1000,0,0.0,0.0,0.0,0.0,0.0,0.0
20201029,000010,000010.SZ,美丽生态,1000,0,0.0,0.0,0.0,0.0,0.0,0.0
20201029,000011,000011.SZ,深物业A,1000,0,0.0,0.0,0.0,0.0,0.0,0.0
20201029,000014,000014.SZ,沙河股份,1000,0,0.0,0.0,0.0,0.0,0.0,0.0
20201029,000017,000017.SZ,*ST中华A,1000,0,0.0,0.0,0.0,0.0,0.0,0.0
20201029,000020,000020.SZ,深华发A,1000,0,0.0,0.0,0.0,0.0,0.0,0.0
20201029,000021,000021.SZ,深科技,1000,1,0.0,0.0,0.0,0.0,0.0,1000.0
20201029,000023,000023.SZ,深天地A,1000,0,0.0,0.0,0.0,0.0,0.0,0.0
20201029,000026,000026.SZ,飞亚达,1000,0,0.0,0.0,0.0,0.0,0.0,0.0
20201029,000034,000034.SZ,神州数码,1000,1,0.0,0.0,0.0,0.0,0.0,1000.0
20201029,000037,000037.SZ,深南电A,1000,0,0.0,0.0,0.0,0.0,0.0,0.0
20201029,000040,000040.SZ,东旭蓝天,1000,1,0.0,0.0,0.0,0.0,0.0,1000.0
20201029,000045,000045.SZ,深纺织A,1000,0,0.0,0.0,0.0,0.0,0.0,0.0
20201029,000056,000056.SZ,皇庭国际,1000,0,0.0,0.0,0.0,0.0,0.0,0.0
20201029,000068,000068.SZ,华控赛格,1000,0,0.0,0.0,0.0,0.0,0.0,0.0
20201029,000088,000088.SZ,盐田港,1000,1,0.0,0.0,0.0,0.0,0.0,1000.0
20201029,000150,000150.SZ,宜华健康,1000,1,0.0,0.0,0.0,0.0,0.0,1000.0
20201029,000153,000153.SZ,丰原药业,1000,0,0.0,0.0,0.0,0.0,0.0,0.0
20201029,000155,000155.SZ,川能动力,1000,0,0.0,0.0,0.0,0.0,0.0,0.0
20201029,000407,000407.SZ,胜利股份,1000,0,0.0,0.0,0.0,0.0,0.0,0.0
20201029,000408,000408.SZ,*ST藏格,1000,0,0.0,0.0,0.0,0.0,0.0,0.0
20201029,000410,000410.SZ,*ST沈机,1000,0,0.0,0.0,0.0,0.0,0.0,0.0
20201029,000411,000411.SZ,英特集团,1000,0,0.0,0.0,0.0,0.0,0.0,0.0
20201029,000416,000416.SZ,民生控股,1000,0,0.0,0.0,0.0,0.0,0.0,0.0
20201029,000428,000428.SZ,华天酒店,1000,0,0.0,0.0,0.0,0.0,0.0,0.0
20201029,000430,000430.SZ,张家界,1000,0,0.0,0.0,0.0,0.0,0.0,0.0
20201029,000502,000502.SZ,绿景控股,1000,0,0.0,0.0,0.0,0.0,0.0,0.0
20201029,000504,000504.SZ,ST生物,1000,0,0.0,0.0,0.0,0.0,0.0,0.0
20201029,000505,000505.SZ,京粮控股,1000,1,0.0,0.0,0.0,0.0,0.0,1000.0
20201029,000506,000506.SZ,中润资源,1000,1,0.0,0.0,0.0,0.0,0.0,1000.0
20201029,000509,000509.SZ,*ST华塑,1000,0,0.0,0.0,0.0,0.0,0.0,0.0
20201029,000516,000516.SZ,国际医学,1000,1,0.0,0.0,0.0,0.0,0.0,1000.0
20201029,000518,000518.SZ,四环生物,1000,0,0.0,0.0,0.0,0.0,0.0,0.0
20201029,000523,000523.SZ,广州浪奇,1000,0,0.0,0.0,0.0,0.0,0.0,0.0
20201029,000524,000524.SZ,岭南控股,1000,0,0.0,0.0,0.0,0.0,0.0,0.0
20201029,000534,000534.SZ,万泽股份,1000,0,0.0,0.0,0.0,0.0,0.0,0.0
20201029,000548,000548.SZ,湖南投资,1000,0,0.0,0.0,0.0,0.0,0.0,0.0
20201029,000564,000564.SZ,供销大集,1000,0,0.0,0.0,0.0,0.0,0.0,0.0
20201029,000571,000571.SZ,*ST大洲,1000,0,0.0,0.0,0.0,0.0,0.0,0.0
20201029,000572,000572.SZ,ST海马,1000,0,0.0,0.0,0.0,0.0,0.0,0.0
20201029,000573,000573.SZ,粤宏远A,1000,0,0.0,0.0,0.0,0.0,0.0,0.0
20201029,000585,000585.SZ,*ST东电,1000,0,0.0,0.0,0.0,0.0,0.0,0.0
20201029,000586,000586.SZ,汇源通信,1000,0,0.0,0.0,0.0,0.0,0.0,0.0
20201029,000587,000587.SZ,*ST金洲,1000,0,0.0,0.0,0.0,0.0,0.0,0.0
20201029,000595,000595.SZ,*ST宝实,1000,0,0.0,0.0,0.0,0.0,0.0,0.0
20201029,000609,000609.SZ,中迪投资,1000,0,0.0,0.0,0.0,0.0,0.0,0.0
20201029,000610,000610.SZ,西安旅游,1000,0,0.0,0.0,0.0,0.0,0.0,0.0
20201029,000611,000611.SZ,ST天首,1000,0,0.0,0.0,0.0,0.0,0.0,0.0
20201029,000613,000613.SZ,大东海A,1000,0,0.0,0.0,0.0,0.0,0.0,0.0
20201029,000615,000615.SZ,京汉股份,1000,0,0.0,0.0,0.0,0.0,0.0,0.0
20201029,000616,000616.SZ,海航投资,1000,1,0.0,0.0,0.0,0.0,0.0,1000.0
20201029,000619,000619.SZ,海螺型材,1000,0,0.0,0.0,0.0,0.0,0.0,0.0
20201029,000620,000620.SZ,新华联,1000,1,0.0,0.0,0.0,0.0,0.0,1000.0
20201029,000625,000625.SZ,长安汽车,1000,1,0.0,0.0,0.0,0.0,0.0,1000.0
20201029,000638,000638.SZ,万方发展,1000,0,0.0,0.0,0.0,0.0,0.0,0.0
20201029,000662,000662.SZ,*ST天夏,1000,0,0.0,0.0,0.0,0.0,0.0,0.0
20201029,000667,000667.SZ,美好置业,1000,1,0.0,0.0,0.0,0.0,0.0,1000.0
20201029,000668,000668.SZ,荣丰控股,1000,0,0.0,0.0,0.0,0.0,0.0,0.0
20201029,000669,000669.SZ,*ST金鸿,1000,0,0.0,0.0,0.0,0.0,0.0,0.0
20201029,000673,000673.SZ,*ST当代,1000,0,0.0,0.0,0.0,0.0,0.0,0.0
20201029,000676,000676.SZ,智度股份,1000,0,0.0,0.0,0.0,0.0,0.0,0.0
20201029,000683,000683.SZ,远兴能源,1000,1,0.0,0.0,0.0,0.0,0.0,1000.0
20201029,000687,000687.SZ,*ST华讯,1000,0,0.0,0.0,0.0,0.0,0.0,0.0
20201029,000688,000688.SZ,国城矿业,1000,0,0.0,0.0,0.0,0.0,0.0,0.0
20201029,000691,000691.SZ,亚太实业,1000,0,0.0,0.0,0.0,0.0,0.0,0.0
20201029,000692,000692.SZ,惠天热电,1000,0,0.0,0.0,0.0,0.0,0.0,0.0
20201029,000697,000697.SZ,炼石航空,1000,0,0.0,0.0,0.0,0.0,0.0,0.0
20201029,000698,000698.SZ,沈阳化工,1000,0,0.0,0.0,0.0,0.0,0.0,0.0
20201029,000701,000701.SZ,厦门信达,1000,0,0.0,0.0,0.0,0.0,0.0,0.0
20201029,000710,000710.SZ,贝瑞基因,1000,0,0.0,0.0,0.0,0.0,0.0,0.0
20201029,000711,000711.SZ,京蓝科技,1000,0,0.0,0.0,0.0,0.0,0.0,0.0
20201029,000720,000720.SZ,新能泰山,1000,0,0.0,0.0,0.0,0.0,0.0,0.0
20201029,000721,000721.SZ,西安饮食,1000,0,0.0,0.0,0.0,0.0,0.0,0.0
20201029,000725,000725.SZ,京东方A,1000,1,0.0,247600.0,0.0,0.0,1000.0,0.0
20201029,000727,000727.SZ,*ST东科,1000,0,0.0,0.0,0.0,0.0,0.0,0.0
20201029,000728,000728.SZ,国元证券,1000,1,171200.0,36.0,1000.0,0.0,0.0,0.0
20201029,000732,000732.SZ,泰禾集团,1000,1,0.0,0.0,0.0,0.0,0.0,1000.0
20201029,000733,000733.SZ,振华科技,1000,1,0.0,0.0,0.0,0.0,0.0,1000.0
20201029,000735,000735.SZ,罗牛山,1000,1,0.0,0.0,0.0,0.0,0.0,1000.0
20201029,000737,000737.SZ,ST南风,1000,0,0.0,0.0,0.0,0.0,0.0,0.0
20201029,000757,000757.SZ,浩物股份,1000,0,0.0,0.0,0.0,0.0,0.0,0.0
20201029,000762,000762.SZ,西藏矿业,1000,1,0.0,0.0,0.0,0.0,0.0,1000.0
20201029,000766,000766.SZ,通化金马,1000,1,0.0,0.0,0.0,0.0,0.0,1000.0
20201029,000780,000780.SZ,*ST平能,1000,0,0.0,0.0,0.0,0.0,0.0,0.0
20201029,000782,000782.SZ,美达股份,1000,0,0.0,0.0,0.0,0.0,0.0,0.0
20201029,000793,000793.SZ,华闻集团,1000,1,0.0,4300.0,0.0,0.0,1000.0,0.0
20201029,000796,000796.SZ,凯撒旅业,1000,0,0.0,0.0,0.0,0.0,0.0,0.0
20201029,000798,000798.SZ,中水渔业,1000,0,0.0,0.0,0.0,0.0,0.0,0.0
20201029,000802,000802.SZ,北京文化,1000,1,0.0,0.0,0.0,0.0,0.0,1000.0
20201029,000803,000803.SZ,*ST北能,1000,0,0.0,0.0,0.0,0.0,0.0,0.0
20201029,000806,000806.SZ,*ST银河,1000,0,0.0,0.0,0.0,0.0,0.0,0.0
20201029,000807,000807.SZ,云铝股份,1000,1,0.0,0.0,0.0,0.0,0.0,1000.0
20201029,000816,000816.SZ,智慧农业,1000,0,0.0,0.0,0.0,0.0,0.0,0.0
20201029,000820,000820.SZ,*ST节能,1000,0,0.0,0.0,0.0,0.0,0.0,0.0
20201029,000822,000822.SZ,山东海化,1000,0,0.0,0.0,0.0,0.0,0.0,0.0
20201029,000835,000835.SZ,*ST长动,1000,0,0.0,0.0,0.0,0.0,0.0,0.0
20201029,000839,000839.SZ,中信国安,1000,1,0.0,0.0,0.0,0.0,0.0,1000.0
20201029,000861,000861.SZ,海印股份,1000,1,0.0,0.0,0.0,0.0,0.0,1000.0
20201029,000862,000862.SZ,银星能源,1000,0,0.0,0.0,0.0,0.0,0.0,0.0
20201029,000863,000863.SZ,三湘印象,1000,0,0.0,0.0,0.0,0.0,0.0,0.0
20201029,000868,000868.SZ,ST安凯,1000,0,0.0,0.0,0.0,0.0,0.0,0.0
20201029,000880,000880.SZ,潍柴重机,1000,0,0.0,0.0,0.0,0.0,0.0,0.0
20201029,000886,000886.SZ,海南高速,1000,0,0.0,0.0,0.0,0.0,0.0,0.0
20201029,000889,000889.SZ,中嘉博创,1000,1,0.0,0.0,0.0,0.0,0.0,1000.0
20201029,000890,000890.SZ,*ST胜尔,1000,0,0.0,0.0,0.0,0.0,0.0,0.0
20201029,000892,000892.SZ,欢瑞世纪,1000,0,0.0,0.0,0.0,0.0,0.0,0.0
20201029,000893,000893.SZ,亚钾国际,1000,0,0.0,0.0,0.0,0.0,0.0,0.0
20201029,000908,000908.SZ,景峰医药,1000,0,0.0,0.0,0.0,0.0,0.0,0.0
20201029,000913,000913.SZ,钱江摩托,1000,0,0.0,0.0,0.0,0.0,0.0,0.0
20201029,000917,000917.SZ,电广传媒,1000,1,0.0,0.0,0.0,0.0,0.0,1000.0
20201029,000918,000918.SZ,嘉凯城,1000,1,0.0,0.0,0.0,0.0,0.0,1000.0
20201029,000920,000920.SZ,南方汇通,1000,0,0.0,0.0,0.0,0.0,0.0,0.0
20201029,000927,000927.SZ,*ST夏利,1000,0,0.0,0.0,0.0,0.0,0.0,0.0
20201029,000929,000929.SZ,兰州黄河,1000,0,0.0,0.0,0.0,0.0,0.0,0.0
20201029,000936,000936.SZ,华西股份,1000,1,0.0,0.0,0.0,0.0,0.0,1000.0
20201029,000948,000948.SZ,南天信息,1000,0,0.0,0.0,0.0,0.0,0.0,0.0
20201029,000972,000972.SZ,ST中基,1000,0,0.0,0.0,0.0,0.0,0.0,0.0
20201029,000975,000975.SZ,银泰黄金,1000,1,0.0,0.0,0.0,0.0,0.0,1000.0
20201029,000978,000978.SZ,桂林旅游,1000,0,0.0,0.0,0.0,0.0,0.0,0.0
20201029,000980,000980.SZ,*ST众泰,1000,0,0.0,0.0,0.0,0.0,0.0,0.0
20201029,000982,000982.SZ,*ST中绒,1000,0,0.0,0.0,0.0,0.0,0.0,0.0
20201029,000985,000985.SZ,大庆华科,1000,0,0.0,0.0,0.0,0.0,0.0,0.0
20201029,002006,002006.SZ,精功科技,1000,0,0.0,0.0,0.0,0.0,0.0,0.0
20201029,002021,002021.SZ,ST中捷,1000,0,0.0,0.0,0.0,0.0,0.0,0.0
20201029,002022,002022.SZ,科华生物,1000,1,0.0,0.0,0.0,0.0,0.0,1000.0
20201029,002026,002026.SZ,山东威达,1000,0,0.0,0.0,0.0,0.0,0.0,0.0
20201029,002027,002027.SZ,分众传媒,1000,1,0.0,0.0,0.0,0.0,0.0,1000.0
20201029,002041,002041.SZ,登海种业,1000,1,0.0,0.0,0.0,0.0,0.0,1000.0
20201029,002042,002042.SZ,华孚时尚,1000,1,0.0,0.0,0.0,0.0,0.0,1000.0
20201029,002052,002052.SZ,*ST同洲,1000,0,0.0,0.0,0.0,0.0,0.0,0.0
20201029,002066,002066.SZ,瑞泰科技,1000,0,0.0,0.0,0.0,0.0,0.0,0.0
20201029,002069,002069.SZ,獐子岛,1000,0,0.0,0.0,0.0,0.0,0.0,0.0
20201029,002071,002071.SZ,*ST长城,1000,0,0.0,0.0,0.0,0.0,0.0,0.0
20201029,002072,002072.SZ,ST凯瑞,1000,0,0.0,0.0,0.0,0.0,0.0,0.0
20201029,002074,002074.SZ,国轩高科,1000,1,0.0,500.0,0.0,0.0,500.0,500.0
20201029,002076,002076.SZ,*ST雪莱,1000,0,0.0,0.0,0.0,0.0,0.0,0.0
20201029,002086,002086.SZ,*ST东洋,1000,0,0.0,0.0,0.0,0.0,0.0,0.0
20201029,002087,002087.SZ,新野纺织,1000,0,0.0,0.0,0.0,0.0,0.0,0.0
20201029,002089,002089.SZ,ST新海,1000,0,0.0,0.0,0.0,0.0,0.0,0.0
20201029,002096,002096.SZ,南岭民爆,1000,0,0.0,0.0,0.0,0.0,0.0,0.0
20201029,002103,002103.SZ,广博股份,1000,0,0.0,0.0,0.0,0.0,0.0,0.0
20201029,002105,002105.SZ,信隆健康,1000,0,0.0,0.0,0.0,0.0,0.0,0.0
20201029,002109,002109.SZ,兴化股份,1000,0,0.0,0.0,0.0,0.0,0.0,0.0
20201029,002112,002112.SZ,三变科技,1000,0,0.0,0.0,0.0,0.0,0.0,0.0
20201029,002113,002113.SZ,*ST天润,1000,0,0.0,0.0,0.0,0.0,0.0,0.0
20201029,002114,002114.SZ,罗平锌电,1000,0,0.0,0.0,0.0,0.0,0.0,0.0
20201029,002118,002118.SZ,紫鑫药业,1000,1,0.0,0.0,0.0,0.0,0.0,1000.0
20201029,002122,002122.SZ,*ST天马,1000,0,0.0,0.0,0.0,0.0,0.0,0.0
20201029,002127,002127.SZ,南极电商,1000,1,0.0,0.0,0.0,0.0,0.0,1000.0
20201029,002131,002131.SZ,利欧股份,1000,1,0.0,0.0,0.0,0.0,0.0,1000.0
20201029,002132,002132.SZ,恒星科技,1000,0,0.0,0.0,0.0,0.0,0.0,0.0
20201029,002134,002134.SZ,天津普林,1000,0,0.0,0.0,0.0,0.0,0.0,0.0
20201029,002141,002141.SZ,贤丰控股,1000,0,0.0,0.0,0.0,0.0,0.0,0.0
20201029,002147,002147.SZ,*ST新光,1000,0,0.0,0.0,0.0,0.0,0.0,0.0
20201029,002151,002151.SZ,北斗星通,1000,1,0.0,0.0,0.0,0.0,0.0,1000.0
20201029,002154,002154.SZ,报喜鸟,1000,1,0.0,0.0,0.0,0.0,0.0,1000.0
20201029,002159,002159.SZ,三特索道,1000,0,0.0,0.0,0.0,0.0,0.0,0.0
20201029,002162,002162.SZ,悦心健康,1000,0,0.0,0.0,0.0,0.0,0.0,0.0
20201029,002163,002163.SZ,海南发展,1000,0,0.0,0.0,0.0,0.0,0.0,0.0
20201029,002164,002164.SZ,宁波东力,1000,0,0.0,0.0,0.0,0.0,0.0,0.0
20201029,002165,002165.SZ,红宝丽,1000,0,0.0,0.0,0.0,0.0,0.0,0.0
20201029,002169,002169.SZ,智光电气,1000,1,0.0,0.0,0.0,0.0,0.0,1000.0
20201029,002172,002172.SZ,澳洋健康,1000,0,0.0,0.0,0.0,0.0,0.0,0.0
20201029,002173,002173.SZ,创新医疗,1000,0,0.0,0.0,0.0,0.0,0.0,0.0
20201029,002175,002175.SZ,*ST东网,1000,0,0.0,0.0,0.0,0.0,0.0,0.0
20201029,002177,002177.SZ,御银股份,1000,1,0.0,0.0,0.0,0.0,0.0,1000.0
20201029,002186,002186.SZ,全聚德,1000,0,0.0,0.0,0.0,0.0,0.0,0.0
20201029,002187,002187.SZ,广百股份,1000,0,0.0,0.0,0.0,0.0,0.0,0.0
20201029,002188,002188.SZ,ST巴士,1000,0,0.0,0.0,0.0,0.0,0.0,0.0
20201029,002190,002190.SZ,成飞集成,1000,0,0.0,0.0,0.0,0.0,0.0,0.0
20201029,002192,002192.SZ,*ST融捷,1000,0,0.0,0.0,0.0,0.0,0.0,0.0
20201029,002194,002194.SZ,武汉凡谷,1000,0,0.0,0.0,0.0,0.0,0.0,0.0
20201029,002196,002196.SZ,方正电机,1000,0,0.0,0.0,0.0,0.0,0.0,0.0
20201029,002200,002200.SZ,ST云投,1000,0,0.0,0.0,0.0,0.0,0.0,0.0
20201029,002201,002201.SZ,九鼎新材,1000,0,0.0,0.0,0.0,0.0,0.0,0.0
20201029,002202,002202.SZ,金风科技,1000,1,0.0,595.0,0.0,0.0,595.0,405.0
20201029,002207,002207.SZ,准油股份,1000,0,0.0,0.0,0.0,0.0,0.0,0.0
20201029,002209,002209.SZ,达意隆,1000,0,0.0,0.0,0.0,0.0,0.0,0.0
20201029,002210,002210.SZ,*ST飞马,1000,0,0.0,0.0,0.0,0.0,0.0,0.0
20201029,002218,002218.SZ,拓日新能,1000,0,0.0,0.0,0.0,0.0,0.0,0.0
20201029,002219,002219.SZ,*ST恒康,1000,0,0.0,0.0,0.0,0.0,0.0,0.0
20201029,002227,002227.SZ,奥特迅,1000,0,0.0,0.0,0.0,0.0,0.0,0.0
20201029,002234,002234.SZ,民和股份,1000,1,0.0,0.0,0.0,0.0,0.0,1000.0
20201029,002235,002235.SZ,安妮股份,1000,1,0.0,0.0,0.0,0.0,0.0,1000.0
20201029,002240,002240.SZ,威华股份,1000,1,0.0,0.0,0.0,0.0,0.0,1000.0
20201029,002245,002245.SZ,澳洋顺昌,1000,0,0.0,0.0,0.0,0.0,0.0,0.0
20201029,002247,002247.SZ,*ST聚力,1000,0,0.0,0.0,0.0,0.0,0.0,0.0
20201029,002248,002248.SZ,华东数控,1000,0,0.0,0.0,0.0,0.0,0.0,0.0
20201029,002256,002256.SZ,*ST兆新,1000,0,0.0,0.0,0.0,0.0,0.0,0.0
20201029,002259,002259.SZ,*ST升达,1000,0,0.0,0.0,0.0,0.0,0.0,0.0
20201029,002269,002269.SZ,美邦服饰,1000,1,0.0,0.0,0.0,0.0,0.0,1000.0
20201029,002271,002271.SZ,东方雨虹,1000,1,13800.0,23650.0,1000.0,0.0,0.0,0.0
20201029,002278,002278.SZ,神开股份,1000,0,0.0,0.0,0.0,0.0,0.0,0.0
20201029,002280,002280.SZ,*ST联络,1000,0,0.0,0.0,0.0,0.0,0.0,0.0
20201029,002282,002282.SZ,博深股份,1000,0,0.0,0.0,0.0,0.0,0.0,0.0
20201029,002283,002283.SZ,天润工业,1000,0,0.0,0.0,0.0,0.0,0.0,0.0
20201029,002285,002285.SZ,世联行,1000,1,0.0,0.0,0.0,0.0,0.0,1000.0
20201029,002286,002286.SZ,保龄宝,1000,0,0.0,0.0,0.0,0.0,0.0,0.0
20201029,002287,002287.SZ,奇正藏药,1000,1,0.0,0.0,0.0,0.0,0.0,1000.0
20201029,002289,002289.SZ,ST宇顺,1000,0,0.0,0.0,0.0,0.0,0.0,0.0
20201029,002291,002291.SZ,星期六,1000,1,0.0,0.0,0.0,0.0,0.0,1000.0
20201029,002298,002298.SZ,中电兴发,1000,0,0.0,0.0,0.0,0.0,0.0,0.0
20201029,002306,002306.SZ,ST云网,1000,0,0.0,0.0,0.0,0.0,0.0,0.0
20201029,002307,002307.SZ,北新路桥,1000,1,0.0,0.0,0.0,0.0,0.0,1000.0
20201029,002319,002319.SZ,*ST乐通,1000,0,0.0,0.0,0.0,0.0,0.0,0.0
20201029,002321,002321.SZ,华英农业,1000,1,0.0,0.0,0.0,0.0,0.0,1000.0
20201029,002323,002323.SZ,*ST雅博,1000,0,0.0,0.0,0.0,0.0,0.0,0.0
20201029,002326,002326.SZ,永太科技,1000,1,0.0,0.0,0.0,0.0,0.0,1000.0
20201029,002329,002329.SZ,皇氏集团,1000,0,0.0,0.0,0.0,0.0,0.0,0.0
20201029,002331,002331.SZ,皖通科技,1000,0,0.0,0.0,0.0,0.0,0.0,0.0
20201029,002335,002335.SZ,科华恒盛,1000,0,0.0,0.0,0.0,0.0,0.0,0.0
20201029,002336,002336.SZ,ST人乐,1000,0,0.0,0.0,0.0,0.0,0.0,0.0
20201029,002338,002338.SZ,奥普光电,1000,0,0.0,0.0,0.0,0.0,0.0,0.0
20201029,002343,002343.SZ,慈文传媒,1000,0,0.0,0.0,0.0,0.0,0.0,0.0
20201029,002345,002345.SZ,潮宏基,1000,0,0.0,0.0,0.0,0.0,0.0,0.0
20201029,002348,002348.SZ,高乐股份,1000,0,0.0,0.0,0.0,0.0,0.0,0.0
20201029,002354,002354.SZ,*ST天娱,1000,0,0.0,0.0,0.0,0.0,0.0,0.0
20201029,002355,002355.SZ,兴民智通,1000,1,0.0,0.0,0.0,0.0,0.0,1000.0
20201029,002356,002356.SZ,*ST赫美,1000,0,0.0,0.0,0.0,0.0,0.0,0.0
20201029,002362,002362.SZ,汉王科技,1000,0,0.0,0.0,0.0,0.0,0.0,0.0
20201029,002365,002365.SZ,永安药业,1000,0,0.0,0.0,0.0,0.0,0.0,0.0
20201029,002366,002366.SZ,台海核电,1000,1,0.0,0.0,0.0,0.0,0.0,1000.0
20201029,002370,002370.SZ,亚太药业,1000,1,0.0,0.0,0.0,0.0,0.0,1000.0
20201029,002375,002375.SZ,亚厦股份,1000,1,0.0,0.0,0.0,0.0,0.0,1000.0
20201029,002389,002389.SZ,航天彩虹,1000,1,18900.0,0.0,1000.0,0.0,0.0,0.0
20201029,002397,002397.SZ,梦洁股份,1000,0,0.0,0.0,0.0,0.0,0.0,0.0
20201029,002400,002400.SZ,省广集团,1000,1,0.0,0.0,0.0,0.0,0.0,1000.0
20201029,002407,002407.SZ,多氟多,1000,1,0.0,0.0,0.0,0.0,0.0,1000.0
20201029,002416,002416.SZ,爱施德,1000,1,0.0,0.0,0.0,0.0,0.0,1000.0
20201029,002417,002417.SZ,深南股份,1000,0,0.0,0.0,0.0,0.0,0.0,0.0
20201029,002418,002418.SZ,*ST康盛,1000,0,0.0,0.0,0.0,0.0,0.0,0.0
20201029,002426,002426.SZ,*ST胜利,1000,0,0.0,0.0,0.0,0.0,0.0,0.0
20201029,002427,002427.SZ,ST尤夫,1000,0,0.0,0.0,0.0,0.0,0.0,0.0
20201029,002428,002428.SZ,云南锗业,1000,1,0.0,0.0,0.0,0.0,0.0,1000.0
20201029,002438,002438.SZ,江苏神通,1000,0,0.0,0.0,0.0,0.0,0.0,0.0
20201029,002439,002439.SZ,启明星辰,1000,1,14300.0,0.0,0.0,1000.0,0.0,0.0
20201029,002444,002444.SZ,巨星科技,1000,1,0.0,0.0,0.0,0.0,0.0,1000.0
20201029,002445,002445.SZ,*ST中南,1000,0,0.0,0.0,0.0,0.0,0.0,0.0
20201029,002447,002447.SZ,*ST晨鑫,1000,0,0.0,0.0,0.0,0.0,0.0,0.0
20201029,002451,002451.SZ,摩恩电气,1000,1,0.0,0.0,0.0,0.0,0.0,1000.0
20201029,002459,002459.SZ,晶澳科技,1000,0,0.0,0.0,0.0,0.0,0.0,0.0
20201029,002464,002464.SZ,众应互联,1000,1,0.0,0.0,0.0,0.0,0.0,1000.0
20201029,002466,002466.SZ,天齐锂业,1000,1,0.0,0.0,0.0,0.0,0.0,1000.0
20201029,002470,002470.SZ,*ST金正,1000,0,0.0,61900.0,0.0,0.0,1000.0,0.0
20201029,002471,002471.SZ,中超控股,1000,0,0.0,0.0,0.0,0.0,0.0,0.0
20201029,002473,002473.SZ,ST圣莱,1000,0,0.0,0.0,0.0,0.0,0.0,0.0
20201029,002487,002487.SZ,大金重工,1000,0,0.0,0.0,0.0,0.0,0.0,0.0
20201029,002488,002488.SZ,金固股份,1000,1,0.0,0.0,0.0,0.0,0.0,1000.0
20201029,002494,002494.SZ,华斯股份,1000,0,0.0,0.0,0.0,0.0,0.0,0.0
20201029,002497,002497.SZ,雅化集团,1000,1,0.0,0.0,0.0,0.0,0.0,1000.0
20201029,002499,002499.SZ,*ST科林,1000,0,0.0,0.0,0.0,0.0,0.0,0.0
20201029,002501,002501.SZ,*ST利源,1000,0,0.0,0.0,0.0,0.0,0.0,0.0
20201029,002504,002504.SZ,弘高创意,1000,0,0.0,0.0,0.0,0.0,0.0,0.0
20201029,002506,002506.SZ,协鑫集成,1000,1,0.0,0.0,0.0,0.0,0.0,1000.0
20201029,002514,002514.SZ,宝馨科技,1000,0,0.0,0.0,0.0,0.0,0.0,0.0
20201029,002516,002516.SZ,旷达科技,1000,0,0.0,0.0,0.0,0.0,0.0,0.0
20201029,002517,002517.SZ,恺英网络,1000,1,0.0,0.0,0.0,0.0,0.0,1000.0
20201029,002518,002518.SZ,科士达,1000,1,0.0,0.0,0.0,0.0,0.0,1000.0
20201029,002524,002524.SZ,光正眼科,1000,0,0.0,0.0,0.0,0.0,0.0,0.0
20201029,002529,002529.SZ,*ST海源,1000,0,0.0,0.0,0.0,0.0,0.0,0.0
20201029,002531,002531.SZ,天顺风能,1000,1,0.0,0.0,0.0,0.0,0.0,1000.0
20201029,002535,002535.SZ,*ST林重,1000,0,0.0,0.0,0.0,0.0,0.0,0.0
20201029,002541,002541.SZ,鸿路钢构,1000,0,0.0,0.0,0.0,0.0,0.0,0.0
20201029,002547,002547.SZ,春兴精工,1000,1,0.0,0.0,0.0,0.0,0.0,1000.0
20201029,002553,002553.SZ,南方轴承,1000,0,0.0,0.0,0.0,0.0,0.0,0.0
20201029,002554,002554.SZ,惠博普,1000,0,0.0,0.0,0.0,0.0,0.0,0.0
20201029,002555,002555.SZ,三七互娱,1000,1,0.0,0.0,0.0,0.0,0.0,1000.0
20201029,002560,002560.SZ,通达股份,1000,0,0.0,0.0,0.0,0.0,0.0,0.0
20201029,002569,002569.SZ,ST步森,1000,0,0.0,0.0,0.0,0.0,0.0,0.0
20201029,002571,002571.SZ,德力股份,1000,0,0.0,0.0,0.0,0.0,0.0,0.0
20201029,002575,002575.SZ,*ST群兴,1000,0,0.0,0.0,0.0,0.0,0.0,0.0
20201029,002576,002576.SZ,通达动力,1000,0,0.0,0.0,0.0,0.0,0.0,0.0
20201029,002577,002577.SZ,雷柏科技,1000,1,0.0,0.0,0.0,0.0,0.0,1000.0
20201029,002581,002581.SZ,未名医药,1000,0,0.0,0.0,0.0,0.0,0.0,0.0
20201029,002584,002584.SZ,西陇科学,1000,0,0.0,0.0,0.0,0.0,0.0,0.0
20201029,002590,002590.SZ,万安科技,1000,0,0.0,0.0,0.0,0.0,0.0,0.0
20201029,002592,002592.SZ,ST八菱,1000,0,0.0,0.0,0.0,0.0,0.0,0.0
20201029,002593,002593.SZ,日上集团,1000,0,0.0,0.0,0.0,0.0,0.0,0.0
20201029,002596,002596.SZ,海南瑞泽,1000,1,0.0,0.0,0.0,0.0,0.0,1000.0
20201029,002600,002600.SZ,领益智造,1000,1,0.0,0.0,0.0,0.0,0.0,1000.0
20201029,002607,002607.SZ,中公教育,1000,1,0.0,0.0,0.0,0.0,0.0,1000.0
20201029,002610,002610.SZ,爱康科技,1000,1,0.0,0.0,0.0,0.0,0.0,1000.0
20201029,002612,002612.SZ,朗姿股份,1000,0,0.0,0.0,0.0,0.0,0.0,0.0
20201029,002613,002613.SZ,北玻股份,1000,0,0.0,0.0,0.0,0.0,0.0,0.0
20201029,002615,002615.SZ,哈尔斯,1000,0,0.0,0.0,0.0,0.0,0.0,0.0
20201029,002617,002617.SZ,露笑科技,1000,1,0.0,0.0,0.0,0.0,0.0,1000.0
20201029,002618,002618.SZ,丹邦科技,1000,1,0.0,0.0,0.0,0.0,0.0,1000.0
20201029,002623,002623.SZ,亚玛顿,1000,0,0.0,0.0,0.0,0.0,0.0,0.0
20201029,002625,002625.SZ,光启技术,1000,0,0.0,0.0,0.0,0.0,0.0,0.0
20201029,002629,002629.SZ,ST仁智,1000,0,0.0,0.0,0.0,0.0,0.0,0.0
20201029,002633,002633.SZ,申科股份,1000,0,0.0,0.0,0.0,0.0,0.0,0.0
20201029,002634,002634.SZ,棒杰股份,1000,0,0.0,0.0,0.0,0.0,0.0,0.0
20201029,002638,002638.SZ,*ST勤上,1000,0,0.0,0.0,0.0,0.0,0.0,0.0
20201029,002645,002645.SZ,华宏科技,1000,0,0.0,0.0,0.0,0.0,0.0,0.0
20201029,002650,002650.SZ,ST加加,1000,0,0.0,0.0,0.0,0.0,0.0,0.0
20201029,002651,002651.SZ,利君股份,1000,0,0.0,0.0,0.0,0.0,0.0,0.0
20201029,002655,002655.SZ,共达电声,1000,0,0.0,0.0,0.0,0.0,0.0,0.0
20201029,002656,002656.SZ,ST摩登,1000,0,0.0,0.0,0.0,0.0,0.0,0.0
20201029,002659,002659.SZ,凯文教育,1000,0,0.0,0.0,0.0,0.0,0.0,0.0
20201029,002660,002660.SZ,茂硕电源,1000,0,0.0,0.0,0.0,0.0,0.0,0.0
20201029,002662,002662.SZ,京威股份,1000,1,0.0,0.0,0.0,0.0,0.0,1000.0
20201029,002664,002664.SZ,长鹰信质,1000,0,0.0,0.0,0.0,0.0,0.0,0.0
20201029,002665,002665.SZ,首航高科,1000,1,0.0,0.0,0.0,0.0,0.0,1000.0
20201029,002667,002667.SZ,鞍重股份,1000,0,0.0,0.0,0.0,0.0,0.0,0.0
20201029,002668,002668.SZ,奥马电器,1000,0,0.0,0.0,0.0,0.0,0.0,0.0
20201029,002674,002674.SZ,兴业科技,1000,0,0.0,0.0,0.0,0.0,0.0,0.0
20201029,002675,002675.SZ,东诚药业,1000,1,0.0,0.0,0.0,0.0,0.0,1000.0
20201029,002679,002679.SZ,福建金森,1000,0,0.0,0.0,0.0,0.0,0.0,0.0
20201029,002681,002681.SZ,*ST奋达,1000,0,0.0,0.0,0.0,0.0,0.0,0.0
20201029,002684,002684.SZ,*ST猛狮,1000,0,0.0,0.0,0.0,0.0,0.0,0.0
20201029,002685,002685.SZ,华东重机,1000,0,0.0,0.0,0.0,0.0,0.0,0.0
20201029,002686,002686.SZ,亿利达,1000,0,0.0,0.0,0.0,0.0,0.0,0.0
20201029,002689,002689.SZ,远大智能,1000,0,0.0,0.0,0.0,0.0,0.0,0.0
20201029,002691,002691.SZ,冀凯股份,1000,0,0.0,0.0,0.0,0.0,0.0,0.0
20201029,002693,002693.SZ,双成药业,1000,0,0.0,0.0,0.0,0.0,0.0,0.0
20201029,002694,002694.SZ,顾地科技,1000,0,0.0,0.0,0.0,0.0,0.0,0.0
20201029,002699,002699.SZ,美盛文化,1000,0,0.0,0.0,0.0,0.0,0.0,0.0
20201029,002700,002700.SZ,ST浩源,1000,0,0.0,0.0,0.0,0.0,0.0,0.0
20201029,002707,002707.SZ,众信旅游,1000,0,0.0,0.0,0.0,0.0,0.0,0.0
20201029,002709,002709.SZ,天赐材料,1000,1,0.0,0.0,0.0,0.0,0.0,1000.0
20201029,002712,002712.SZ,思美传媒,1000,0,0.0,0.0,0.0,0.0,0.0,0.0
20201029,002713,002713.SZ,东易日盛,1000,0,0.0,0.0,0.0,0.0,0.0,0.0
20201029,002715,002715.SZ,登云股份,1000,0,0.0,0.0,0.0,0.0,0.0,0.0
20201029,002716,002716.SZ,*ST金贵,1000,0,0.0,0.0,0.0,0.0,0.0,0.0
20201029,002723,002723.SZ,金莱特,1000,0,0.0,0.0,0.0,0.0,0.0,0.0
20201029,002740,002740.SZ,爱迪尔,1000,0,0.0,0.0,0.0,0.0,0.0,0.0
20201029,002742,002742.SZ,三圣股份,1000,0,0.0,0.0,0.0,0.0,0.0,0.0
20201029,002747,002747.SZ,埃斯顿,1000,1,0.0,0.0,0.0,0.0,0.0,1000.0
20201029,002748,002748.SZ,世龙实业,1000,0,0.0,0.0,0.0,0.0,0.0,0.0
20201029,002750,002750.SZ,龙津药业,1000,1,0.0,0.0,0.0,0.0,0.0,1000.0
20201029,002753,002753.SZ,永东股份,1000,0,0.0,0.0,0.0,0.0,0.0,0.0
20201029,002758,002758.SZ,华通医药,1000,0,0.0,0.0,0.0,0.0,0.0,0.0
20201029,002759,002759.SZ,天际股份,1000,0,0.0,0.0,0.0,0.0,0.0,0.0
20201029,002766,002766.SZ,*ST索菱,1000,0,0.0,0.0,0.0,0.0,0.0,0.0
20201029,002767,002767.SZ,先锋电子,1000,0,0.0,0.0,0.0,0.0,0.0,0.0
20201029,002770,002770.SZ,ST科迪,1000,0,0.0,0.0,0.0,0.0,0.0,0.0
20201029,002772,002772.SZ,众兴菌业,1000,0,0.0,0.0,0.0,0.0,0.0,0.0
20201029,002774,002774.SZ,快意电梯,1000,0,0.0,0.0,0.0,0.0,0.0,0.0
20201029,002779,002779.SZ,中坚科技,1000,0,0.0,0.0,0.0,0.0,0.0,0.0
20201029,002780,002780.SZ,三夫户外,1000,0,0.0,0.0,0.0,0.0,0.0,0.0
20201029,002785,002785.SZ,万里石,1000,0,0.0,0.0,0.0,0.0,0.0,0.0
20201029,002799,002799.SZ,环球印务,1000,0,0.0,0.0,0.0,0.0,0.0,0.0
20201029,002802,002802.SZ,洪汇新材,1000,0,0.0,0.0,0.0,0.0,0.0,0.0
20201029,002806,002806.SZ,华锋股份,1000,0,0.0,0.0,0.0,0.0,0.0,0.0
20201029,002813,002813.SZ,路畅科技,1000,0,0.0,0.0,0.0,0.0,0.0,0.0
20201029,002817,002817.SZ,黄山胶囊,1000,0,0.0,0.0,0.0,0.0,0.0,0.0
20201029,002819,002819.SZ,东方中科,1000,0,0.0,0.0,0.0,0.0,0.0,0.0
20201029,002822,002822.SZ,中装建设,1000,0,0.0,0.0,0.0,0.0,0.0,0.0
20201029,002824,002824.SZ,和胜股份,1000,0,0.0,0.0,0.0,0.0,0.0,0.0
20201029,002826,002826.SZ,易明医药,1000,0,0.0,0.0,0.0,0.0,0.0,0.0
20201029,002829,002829.SZ,星网宇达,1000,0,0.0,0.0,0.0,0.0,0.0,0.0
20201029,002830,002830.SZ,名雕股份,1000,0,0.0,0.0,0.0,0.0,0.0,0.0
20201029,002835,002835.SZ,同为股份,1000,0,0.0,0.0,0.0,0.0,0.0,0.0
20201029,002836,002836.SZ,新宏泽,1000,0,0.0,0.0,0.0,0.0,0.0,0.0
20201029,002848,002848.SZ,高斯贝尔,1000,0,0.0,0.0,0.0,0.0,0.0,0.0
20201029,002858,002858.SZ,力盛赛车,1000,0,0.0,0.0,0.0,0.0,0.0,0.0
20201029,002862,002862.SZ,实丰文化,1000,0,0.0,0.0,0.0,0.0,0.0,0.0
20201029,002864,002864.SZ,盘龙药业,1000,0,0.0,0.0,0.0,0.0,0.0,0.0
20201029,002865,002865.SZ,钧达股份,1000,0,0.0,0.0,0.0,0.0,0.0,0.0
20201029,002866,002866.SZ,传艺科技,1000,0,0.0,0.0,0.0,0.0,0.0,0.0
20201029,002870,002870.SZ,香山股份,1000,0,0.0,0.0,0.0,0.0,0.0,0.0
20201029,002871,002871.SZ,伟隆股份,1000,0,0.0,0.0,0.0,0.0,0.0,0.0
20201029,002872,002872.SZ,ST天圣,1000,0,0.0,0.0,0.0,0.0,0.0,0.0
20201029,002875,002875.SZ,安奈儿,1000,0,0.0,0.0,0.0,0.0,0.0,0.0
20201029,002877,002877.SZ,智能自控,1000,0,0.0,0.0,0.0,0.0,0.0,0.0
20201029,002878,002878.SZ,元隆雅图,1000,0,0.0,0.0,0.0,0.0,0.0,0.0
20201029,002881,002881.SZ,美格智能,1000,0,0.0,0.0,0.0,0.0,0.0,0.0
20201029,002885,002885.SZ,京泉华,1000,0,0.0,0.0,0.0,0.0,0.0,0.0
20201029,002893,002893.SZ,华通热力,1000,0,0.0,0.0,0.0,0.0,0.0,0.0
20201029,002896,002896.SZ,中大力德,1000,0,0.0,0.0,0.0,0.0,0.0,0.0
20201029,002897,002897.SZ,意华股份,1000,0,0.0,0.0,0.0,0.0,0.0,0.0
20201029,002898,002898.SZ,赛隆药业,1000,0,0.0,0.0,0.0,0.0,0.0,0.0
20201029,002905,002905.SZ,金逸影视,1000,0,0.0,0.0,0.0,0.0,0.0,0.0
20201029,002917,002917.SZ,金奥博,1000,0,0.0,0.0,0.0,0.0,0.0,0.0
20201029,002919,002919.SZ,名臣健康,1000,0,0.0,0.0,0.0,0.0,0.0,0.0
20201029,002922,002922.SZ,伊戈尔,1000,0,0.0,0.0,0.0,0.0,0.0,0.0
20201029,002927,002927.SZ,泰永长征,1000,0,0.0,0.0,0.0,0.0,0.0,0.0
20201029,002931,002931.SZ,锋龙股份,1000,0,0.0,0.0,0.0,0.0,0.0,0.0
20201029,002940,002940.SZ,昂利康,1000,0,0.0,0.0,0.0,0.0,0.0,0.0
20201029,002941,002941.SZ,新疆交建,1000,0,0.0,0.0,0.0,0.0,0.0,0.0
20201029,002943,002943.SZ,宇晶股份,1000,0,0.0,0.0,0.0,0.0,0.0,0.0
20201029,002951,002951.SZ,金时科技,1000,0,0.0,0.0,0.0,0.0,0.0,0.0
20201029,002952,002952.SZ,亚世光电,1000,0,0.0,0.0,0.0,0.0,0.0,0.0
20201029,002963,002963.SZ,豪尔赛,1000,0,0.0,0.0,0.0,0.0,0.0,0.0
20201029,300001,300001.SZ,特锐德,1000,1,0.0,0.0,0.0,0.0,0.0,1000.0
20201029,300004,300004.SZ,南风股份,1000,0,0.0,0.0,0.0,0.0,0.0,0.0
20201029,300005,300005.SZ,探路者,1000,0,0.0,0.0,0.0,0.0,0.0,0.0
20201029,300008,300008.SZ,天海防务,1000,0,0.0,0.0,0.0,0.0,0.0,0.0
20201029,300010,300010.SZ,豆神教育,1000,1,0.0,0.0,0.0,0.0,0.0,1000.0
20201029,300011,300011.SZ,鼎汉技术,1000,0,0.0,0.0,0.0,0.0,0.0,0.0
20201029,300013,300013.SZ,新宁物流,1000,0,0.0,0.0,0.0,0.0,0.0,0.0
20201029,300018,300018.SZ,中元股份,1000,1,0.0,0.0,0.0,0.0,0.0,1000.0
20201029,300019,300019.SZ,硅宝科技,1000,0,0.0,0.0,0.0,0.0,0.0,0.0
20201029,300020,300020.SZ,银江股份,1000,1,0.0,0.0,0.0,0.0,0.0,1000.0
20201029,300021,300021.SZ,大禹节水,1000,0,0.0,0.0,0.0,0.0,0.0,0.0
20201029,300022,300022.SZ,吉峰科技,1000,0,0.0,0.0,0.0,0.0,0.0,0.0
20201029,300023,300023.SZ,宝德股份,1000,0,0.0,0.0,0.0,0.0,0.0,0.0
20201029,300025,300025.SZ,华星创业,1000,1,0.0,0.0,0.0,0.0,0.0,1000.0
20201029,300026,300026.SZ,红日药业,1000,1,0.0,0.0,0.0,0.0,0.0,1000.0
20201029,300027,300027.SZ,华谊兄弟,1000,1,0.0,13300.0,0.0,0.0,1000.0,0.0
20201029,300029,300029.SZ,ST天龙,1000,0,0.0,0.0,0.0,0.0,0.0,0.0
20201029,300032,300032.SZ,金龙机电,1000,0,0.0,0.0,0.0,0.0,0.0,0.0
20201029,300035,300035.SZ,中科电气,1000,0,0.0,0.0,0.0,0.0,0.0,0.0
20201029,300037,300037.SZ,新宙邦,1000,1,0.0,0.0,0.0,0.0,0.0,1000.0
20201029,300040,300040.SZ,九洲集团,1000,0,0.0,0.0,0.0,0.0,0.0,0.0
20201029,300043,300043.SZ,星辉娱乐,1000,0,0.0,0.0,0.0,0.0,0.0,0.0
20201029,300044,300044.SZ,赛为智能,1000,0,0.0,0.0,0.0,0.0,0.0,0.0
20201029,300045,300045.SZ,华力创通,1000,0,0.0,0.0,0.0,0.0,0.0,0.0
20201029,300046,300046.SZ,台基股份,1000,0,0.0,0.0,0.0,0.0,0.0,0.0
20201029,300047,300047.SZ,天源迪科,1000,0,0.0,0.0,0.0,0.0,0.0,0.0
20201029,300048,300048.SZ,合康新能,1000,0,0.0,0.0,0.0,0.0,0.0,0.0
20201029,300049,300049.SZ,福瑞股份,1000,0,0.0,0.0,0.0,0.0,0.0,0.0
20201029,300050,300050.SZ,世纪鼎利,1000,0,0.0,0.0,0.0,0.0,0.0,0.0
20201029,300051,300051.SZ,三五互联,1000,0,0.0,0.0,0.0,0.0,0.0,0.0
20201029,300052,300052.SZ,中青宝,1000,0,0.0,0.0,0.0,0.0,0.0,0.0
20201029,300056,300056.SZ,中创环保,1000,0,0.0,0.0,0.0,0.0,0.0,0.0
20201029,300057,300057.SZ,万顺新材,1000,0,0.0,0.0,0.0,0.0,0.0,0.0
20201029,300061,300061.SZ,旗天科技,1000,0,0.0,0.0,0.0,0.0,0.0,0.0
20201029,300062,300062.SZ,中能电气,1000,0,0.0,0.0,0.0,0.0,0.0,0.0
20201029,300063,300063.SZ,天龙集团,1000,0,0.0,0.0,0.0,0.0,0.0,0.0
20201029,300064,300064.SZ,豫金刚石,1000,0,0.0,0.0,0.0,0.0,0.0,0.0
20201029,300066,300066.SZ,三川智慧,1000,1,0.0,0.0,0.0,0.0,0.0,1000.0
20201029,300067,300067.SZ,安诺其,1000,0,0.0,0.0,0.0,0.0,0.0,0.0
20201029,300068,300068.SZ,南都电源,1000,1,0.0,0.0,0.0,0.0,0.0,1000.0
20201029,300069,300069.SZ,金利华电,1000,0,0.0,0.0,0.0,0.0,0.0,0.0
20201029,300071,300071.SZ,华谊嘉信,1000,0,0.0,0.0,0.0,0.0,0.0,0.0
20201029,300072,300072.SZ,三聚环保,1000,1,0.0,0.0,1000.0,0.0,0.0,0.0
20201029,300073,300073.SZ,当升科技,1000,1,0.0,0.0,0.0,0.0,0.0,1000.0
20201029,300076,300076.SZ,GQY视讯,1000,0,0.0,0.0,0.0,0.0,0.0,0.0
20201029,300077,300077.SZ,国民技术,1000,0,0.0,0.0,0.0,0.0,0.0,0.0
20201029,300080,300080.SZ,易成新能,1000,0,0.0,0.0,0.0,0.0,0.0,0.0
20201029,300082,300082.SZ,奥克股份,1000,0,0.0,0.0,0.0,0.0,0.0,0.0
20201029,300083,300083.SZ,创世纪,1000,0,0.0,0.0,0.0,0.0,0.0,0.0
20201029,300084,300084.SZ,海默科技,1000,0,0.0,0.0,0.0,0.0,0.0,0.0
20201029,300086,300086.SZ,康芝药业,1000,0,0.0,0.0,0.0,0.0,0.0,0.0
20201029,300087,300087.SZ,荃银高科,1000,0,0.0,0.0,0.0,0.0,0.0,0.0
20201029,300089,300089.SZ,文化长城,1000,0,0.0,0.0,0.0,0.0,0.0,0.0
20201029,300091,300091.SZ,金通灵,1000,1,0.0,0.0,0.0,0.0,0.0,1000.0
20201029,300092,300092.SZ,科新机电,1000,0,0.0,0.0,0.0,0.0,0.0,0.0
20201029,300093,300093.SZ,金刚玻璃,1000,0,0.0,0.0,0.0,0.0,0.0,0.0
20201029,300094,300094.SZ,国联水产,1000,0,0.0,0.0,0.0,0.0,0.0,0.0
20201029,300095,300095.SZ,华伍股份,1000,0,0.0,0.0,0.0,0.0,0.0,0.0
20201029,300096,300096.SZ,易联众,1000,0,0.0,0.0,0.0,0.0,0.0,0.0
20201029,300099,300099.SZ,精准信息,1000,1,0.0,0.0,0.0,0.0,0.0,1000.0
20201029,300100,300100.SZ,双林股份,1000,0,0.0,0.0,0.0,0.0,0.0,0.0
20201029,300101,300101.SZ,振芯科技,1000,1,0.0,0.0,0.0,0.0,0.0,1000.0
20201029,300102,300102.SZ,乾照光电,1000,0,0.0,0.0,0.0,0.0,0.0,0.0
20201029,300103,300103.SZ,达刚控股,1000,0,0.0,0.0,0.0,0.0,0.0,0.0
20201029,300105,300105.SZ,龙源技术,1000,0,0.0,0.0,0.0,0.0,0.0,0.0
20201029,300106,300106.SZ,西部牧业,1000,0,0.0,0.0,0.0,0.0,0.0,0.0
20201029,300107,300107.SZ,建新股份,1000,0,0.0,0.0,0.0,0.0,0.0,0.0
20201029,300108,300108.SZ,吉药控股,1000,0,0.0,0.0,0.0,0.0,0.0,0.0
20201029,300109,300109.SZ,新开源,1000,0,0.0,0.0,0.0,0.0,0.0,0.0
20201029,300110,300110.SZ,华仁药业,1000,1,0.0,0.0,0.0,0.0,0.0,1000.0
20201029,300111,300111.SZ,向日葵,1000,0,0.0,0.0,0.0,0.0,0.0,0.0
20201029,300112,300112.SZ,万讯自控,1000,0,0.0,0.0,0.0,0.0,0.0,0.0
20201029,300116,300116.SZ,保力新,1000,0,0.0,0.0,0.0,0.0,0.0,0.0
20201029,300117,300117.SZ,嘉寓股份,1000,0,0.0,0.0,0.0,0.0,0.0,0.0
20201029,300118,300118.SZ,东方日升,1000,1,0.0,0.0,0.0,0.0,0.0,1000.0
20201029,300119,300119.SZ,瑞普生物,1000,0,0.0,0.0,0.0,0.0,0.0,0.0
20201029,300120,300120.SZ,经纬辉开,1000,0,0.0,0.0,0.0,0.0,0.0,0.0
20201029,300123,300123.SZ,亚光科技,1000,1,0.0,0.0,0.0,0.0,0.0,1000.0
20201029,300125,300125.SZ,聆达股份,1000,0,0.0,0.0,0.0,0.0,0.0,0.0
20201029,300126,300126.SZ,锐奇股份,1000,0,0.0,0.0,0.0,0.0,0.0,0.0
20201029,300127,300127.SZ,银河磁体,1000,0,0.0,0.0,0.0,0.0,0.0,0.0
20201029,300128,300128.SZ,锦富技术,1000,1,0.0,0.0,0.0,0.0,0.0,1000.0
20201029,300129,300129.SZ,泰胜风能,1000,0,0.0,0.0,0.0,0.0,0.0,0.0
20201029,300130,300130.SZ,新国都,1000,1,0.0,0.0,0.0,0.0,0.0,1000.0
20201029,300131,300131.SZ,英唐智控,1000,0,0.0,0.0,0.0,0.0,0.0,0.0
20201029,300132,300132.SZ,青松股份,1000,0,0.0,0.0,0.0,0.0,0.0,0.0
20201029,300134,300134.SZ,大富科技,1000,1,0.0,0.0,0.0,0.0,0.0,1000.0
20201029,300135,300135.SZ,宝利国际,1000,0,0.0,0.0,0.0,0.0,0.0,0.0
20201029,300139,300139.SZ,晓程科技,1000,1,0.0,0.0,0.0,0.0,0.0,1000.0
20201029,300140,300140.SZ,中环装备,1000,0,0.0,0.0,0.0,0.0,0.0,0.0
20201029,300141,300141.SZ,和顺电气,1000,0,0.0,0.0,0.0,0.0,0.0,0.0
20201029,300143,300143.SZ,盈康生命,1000,0,0.0,0.0,0.0,0.0,0.0,0.0
20201029,300145,300145.SZ,中金环境,1000,1,0.0,0.0,0.0,0.0,0.0,1000.0
20201029,300147,300147.SZ,香雪制药,1000,1,0.0,0.0,0.0,0.0,0.0,1000.0
20201029,300150,300150.SZ,世纪瑞尔,1000,0,0.0,0.0,0.0,0.0,0.0,0.0
20201029,300152,300152.SZ,科融环境,1000,1,0.0,0.0,0.0,0.0,0.0,1000.0
20201029,300153,300153.SZ,科泰电源,1000,0,0.0,0.0,0.0,0.0,0.0,0.0
20201029,300154,300154.SZ,瑞凌股份,1000,0,0.0,0.0,0.0,0.0,0.0,0.0
20201029,300155,300155.SZ,安居宝,1000,0,0.0,0.0,0.0,0.0,0.0,0.0
20201029,300157,300157.SZ,恒泰艾普,1000,1,0.0,0.0,0.0,0.0,0.0,1000.0
20201029,300159,300159.SZ,新研股份,1000,0,0.0,0.0,0.0,0.0,0.0,0.0
20201029,300160,300160.SZ,秀强股份,1000,0,0.0,0.0,0.0,0.0,0.0,0.0
20201029,300162,300162.SZ,雷曼光电,1000,0,0.0,0.0,0.0,0.0,0.0,0.0
20201029,300163,300163.SZ,先锋新材,1000,0,0.0,0.0,0.0,0.0,0.0,0.0
20201029,300164,300164.SZ,通源石油,1000,0,0.0,0.0,0.0,0.0,0.0,0.0
20201029,300165,300165.SZ,天瑞仪器,1000,0,0.0,0.0,0.0,0.0,0.0,0.0
20201029,300167,300167.SZ,迪威迅,1000,0,0.0,0.0,0.0,0.0,0.0,0.0
20201029,300169,300169.SZ,天晟新材,1000,0,0.0,0.0,0.0,0.0,0.0,0.0
20201029,300171,300171.SZ,东富龙,1000,0,0.0,0.0,0.0,0.0,0.0,0.0
20201029,300173,300173.SZ,福能东方,1000,0,0.0,0.0,0.0,0.0,0.0,0.0
20201029,300174,300174.SZ,元力股份,1000,1,0.0,0.0,0.0,0.0,0.0,1000.0
20201029,300175,300175.SZ,朗源股份,1000,0,0.0,0.0,0.0,0.0,0.0,0.0
20201029,300176,300176.SZ,派生科技,1000,0,0.0,0.0,0.0,0.0,0.0,0.0
20201029,300177,300177.SZ,中海达,1000,1,0.0,0.0,0.0,0.0,0.0,1000.0
20201029,300178,300178.SZ,腾邦国际,1000,0,0.0,0.0,0.0,0.0,0.0,0.0
20201029,300179,300179.SZ,四方达,1000,0,0.0,0.0,0.0,0.0,0.0,0.0
20201029,300181,300181.SZ,佐力药业,1000,0,0.0,0.0,0.0,0.0,0.0,0.0
20201029,300185,300185.SZ,通裕重工,1000,0,0.0,0.0,0.0,0.0,0.0,0.0
20201029,300187,300187.SZ,永清环保,1000,0,0.0,0.0,0.0,0.0,0.0,0.0
20201029,300189,300189.SZ,神农科技,1000,1,0.0,0.0,0.0,0.0,0.0,1000.0
20201029,300194,300194.SZ,福安药业,1000,1,0.0,0.0,0.0,0.0,0.0,1000.0
20201029,300197,300197.SZ,铁汉生态,1000,1,0.0,0.0,0.0,0.0,0.0,1000.0
20201029,300198,300198.SZ,纳川股份,1000,0,0.0,0.0,0.0,0.0,0.0,0.0
20201029,300199,300199.SZ,翰宇药业,1000,1,0.0,0.0,0.0,0.0,0.0,1000.0
20201029,300200,300200.SZ,高盟新材,1000,0,0.0,0.0,0.0,0.0,0.0,0.0
20201029,300201,300201.SZ,海伦哲,1000,0,0.0,0.0,0.0,0.0,0.0,0.0
20201029,300202,300202.SZ,聚龙股份,1000,1,0.0,0.0,0.0,0.0,0.0,1000.0
20201029,300204,300204.SZ,舒泰神,1000,0,0.0,0.0,0.0,0.0,0.0,0.0
20201029,300205,300205.SZ,天喻信息,1000,1,0.0,0.0,0.0,0.0,0.0,1000.0
20201029,300208,300208.SZ,青岛中程,1000,0,0.0,0.0,0.0,0.0,0.0,0.0
20201029,300210,300210.SZ,森远股份,1000,0,0.0,0.0,0.0,0.0,0.0,0.0
20201029,300211,300211.SZ,亿通科技,1000,0,0.0,0.0,0.0,0.0,0.0,0.0
20201029,300217,300217.SZ,东方电热,1000,0,0.0,0.0,0.0,0.0,0.0,0.0
20201029,300218,300218.SZ,安利股份,1000,0,0.0,0.0,0.0,0.0,0.0,0.0
20201029,300220,300220.SZ,金运激光,1000,0,0.0,0.0,0.0,0.0,0.0,0.0
20201029,300221,300221.SZ,银禧科技,1000,0,0.0,0.0,0.0,0.0,0.0,0.0
20201029,300222,300222.SZ,科大智能,1000,1,0.0,0.0,0.0,0.0,0.0,1000.0
20201029,300224,300224.SZ,正海磁材,1000,0,0.0,0.0,0.0,0.0,0.0,0.0
20201029,300225,300225.SZ,金力泰,1000,0,0.0,0.0,0.0,0.0,0.0,0.0
20201029,300227,300227.SZ,光韵达,1000,0,0.0,0.0,0.0,0.0,0.0,0.0
20201029,300228,300228.SZ,富瑞特装,1000,0,0.0,0.0,0.0,0.0,0.0,0.0
20201029,300230,300230.SZ,永利股份,1000,0,0.0,0.0,0.0,0.0,0.0,0.0
20201029,300231,300231.SZ,银信科技,1000,0,0.0,0.0,0.0,0.0,0.0,0.0
20201029,300234,300234.SZ,开尔新材,1000,0,0.0,0.0,0.0,0.0,0.0,0.0
20201029,300237,300237.SZ,美晨生态,1000,1,0.0,0.0,0.0,0.0,0.0,1000.0
20201029,300238,300238.SZ,冠昊生物,1000,0,0.0,0.0,0.0,0.0,0.0,0.0
20201029,300239,300239.SZ,东宝生物,1000,0,0.0,0.0,0.0,0.0,0.0,0.0
20201029,300240,300240.SZ,飞力达,1000,0,0.0,0.0,0.0,0.0,0.0,0.0
20201029,300242,300242.SZ,佳云科技,1000,0,0.0,0.0,0.0,0.0,0.0,0.0
20201029,300243,300243.SZ,瑞丰高材,1000,0,0.0,0.0,0.0,0.0,0.0,0.0
20201029,300247,300247.SZ,融捷健康,1000,0,0.0,0.0,0.0,0.0,0.0,0.0
20201029,300248,300248.SZ,新开普,1000,0,0.0,0.0,0.0,0.0,0.0,0.0
20201029,300249,300249.SZ,依米康,1000,0,0.0,0.0,0.0,0.0,0.0,0.0
20201029,300251,300251.SZ,光线传媒,1000,1,0.0,0.0,0.0,0.0,0.0,1000.0
20201029,300252,300252.SZ,金信诺,1000,0,0.0,0.0,0.0,0.0,0.0,0.0
20201029,300254,300254.SZ,仟源医药,1000,0,0.0,0.0,0.0,0.0,0.0,0.0
20201029,300260,300260.SZ,新莱应材,1000,0,0.0,0.0,0.0,0.0,0.0,0.0
20201029,300261,300261.SZ,雅本化学,1000,0,0.0,0.0,0.0,0.0,0.0,0.0
20201029,300262,300262.SZ,巴安水务,1000,0,0.0,0.0,0.0,0.0,0.0,0.0
20201029,300264,300264.SZ,佳创视讯,1000,0,0.0,0.0,0.0,0.0,0.0,0.0
20201029,300265,300265.SZ,通光线缆,1000,0,0.0,0.0,0.0,0.0,0.0,0.0
20201029,300266,300266.SZ,兴源环境,1000,1,0.0,0.0,0.0,0.0,0.0,1000.0
20201029,300268,300268.SZ,佳沃股份,1000,0,0.0,0.0,0.0,0.0,0.0,0.0
20201029,300269,300269.SZ,联建光电,1000,0,0.0,0.0,0.0,0.0,0.0,0.0
20201029,300270,300270.SZ,中威电子,1000,0,0.0,0.0,0.0,0.0,0.0,0.0
20201029,300272,300272.SZ,开能健康,1000,0,0.0,0.0,0.0,0.0,0.0,0.0
20201029,300274,300274.SZ,阳光电源,1000,1,0.0,0.0,0.0,0.0,0.0,1000.0
20201029,300275,300275.SZ,梅安森,1000,0,0.0,0.0,0.0,0.0,0.0,0.0
20201029,300276,300276.SZ,三丰智能,1000,0,0.0,0.0,0.0,0.0,0.0,0.0
20201029,300277,300277.SZ,海联讯,1000,0,0.0,0.0,0.0,0.0,0.0,0.0
20201029,300278,300278.SZ,华昌达,1000,0,0.0,0.0,0.0,0.0,0.0,0.0
20201029,300279,300279.SZ,和晶科技,1000,0,0.0,0.0,0.0,0.0,0.0,0.0
20201029,300280,300280.SZ,紫天科技,1000,0,0.0,0.0,0.0,0.0,0.0,0.0
20201029,300283,300283.SZ,温州宏丰,1000,0,0.0,0.0,0.0,0.0,0.0,0.0
20201029,300286,300286.SZ,安科瑞,1000,0,0.0,0.0,0.0,0.0,0.0,0.0
20201029,300287,300287.SZ,飞利信,1000,1,0.0,0.0,0.0,0.0,0.0,1000.0
20201029,300288,300288.SZ,朗玛信息,1000,0,0.0,0.0,0.0,0.0,0.0,0.0
20201029,300289,300289.SZ,利德曼,1000,0,0.0,0.0,0.0,0.0,0.0,0.0
20201029,300293,300293.SZ,蓝英装备,1000,0,0.0,0.0,0.0,0.0,0.0,0.0
20201029,300295,300295.SZ,三六五网,1000,0,0.0,0.0,0.0,0.0,0.0,0.0
20201029,300297,300297.SZ,蓝盾股份,1000,1,0.0,0.0,0.0,0.0,0.0,1000.0
20201029,300298,300298.SZ,三诺生物,1000,0,0.0,0.0,0.0,0.0,0.0,0.0
20201029,300299,300299.SZ,富春股份,1000,1,0.0,0.0,0.0,0.0,0.0,1000.0
20201029,300300,300300.SZ,海峡创新,1000,1,0.0,0.0,0.0,0.0,0.0,1000.0
20201029,300301,300301.SZ,长方集团,1000,0,0.0,0.0,0.0,0.0,0.0,0.0
20201029,300302,300302.SZ,同有科技,1000,1,0.0,0.0,0.0,0.0,0.0,1000.0
20201029,300304,300304.SZ,云意电气,1000,0,0.0,0.0,0.0,0.0,0.0,0.0
20201029,300307,300307.SZ,慈星股份,1000,0,0.0,0.0,0.0,0.0,0.0,0.0
20201029,300309,300309.SZ,吉艾科技,1000,0,0.0,0.0,0.0,0.0,0.0,0.0
20201029,300310,300310.SZ,宜通世纪,1000,1,0.0,0.0,0.0,0.0,0.0,1000.0
20201029,300311,300311.SZ,任子行,1000,1,0.0,0.0,0.0,0.0,0.0,1000.0
20201029,300312,300312.SZ,邦讯技术,1000,0,0.0,0.0,0.0,0.0,0.0,0.0
20201029,300313,300313.SZ,天山生物,1000,0,0.0,0.0,0.0,0.0,0.0,0.0
20201029,300314,300314.SZ,戴维医疗,1000,0,0.0,0.0,0.0,0.0,0.0,0.0
20201029,300317,300317.SZ,珈伟新能,1000,0,0.0,0.0,0.0,0.0,0.0,0.0
20201029,300318,300318.SZ,博晖创新,1000,0,0.0,0.0,0.0,0.0,0.0,0.0
20201029,300320,300320.SZ,海达股份,1000,0,0.0,0.0,0.0,0.0,0.0,0.0
20201029,300321,300321.SZ,同大股份,1000,0,0.0,0.0,0.0,0.0,0.0,0.0
20201029,300325,300325.SZ,德威新材,1000,0,0.0,0.0,0.0,0.0,0.0,0.0
20201029,300329,300329.SZ,海伦钢琴,1000,0,0.0,0.0,0.0,0.0,0.0,0.0
20201029,300330,300330.SZ,华虹计通,1000,0,0.0,0.0,0.0,0.0,0.0,0.0
20201029,300332,300332.SZ,天壕环境,1000,0,0.0,0.0,0.0,0.0,0.0,0.0
20201029,300333,300333.SZ,兆日科技,1000,1,0.0,0.0,0.0,0.0,0.0,1000.0
20201029,300334,300334.SZ,津膜科技,1000,0,0.0,0.0,0.0,0.0,0.0,0.0
20201029,300335,300335.SZ,迪森股份,1000,0,0.0,0.0,0.0,0.0,0.0,0.0
20201029,300336,300336.SZ,新文化,1000,0,0.0,0.0,0.0,0.0,0.0,0.0
20201029,300337,300337.SZ,银邦股份,1000,0,0.0,0.0,0.0,0.0,0.0,0.0
20201029,300338,300338.SZ,开元股份,1000,0,0.0,0.0,0.0,0.0,0.0,0.0
20201029,300342,300342.SZ,天银机电,1000,1,0.0,0.0,0.0,0.0,0.0,1000.0
20201029,300343,300343.SZ,联创股份,1000,1,0.0,0.0,0.0,0.0,0.0,1000.0
20201029,300344,300344.SZ,太空智造,1000,0,0.0,0.0,0.0,0.0,0.0,0.0
20201029,300345,300345.SZ,华民股份,1000,0,0.0,0.0,0.0,0.0,0.0,0.0
20201029,300346,300346.SZ,南大光电,1000,1,0.0,0.0,0.0,0.0,0.0,1000.0
20201029,300350,300350.SZ,华鹏飞,1000,0,0.0,0.0,0.0,0.0,0.0,0.0
20201029,300354,300354.SZ,东华测试,1000,0,0.0,0.0,0.0,0.0,0.0,0.0
20201029,300355,300355.SZ,蒙草生态,1000,1,0.0,0.0,0.0,0.0,0.0,1000.0
20201029,300356,300356.SZ,光一科技,1000,1,0.0,0.0,0.0,0.0,0.0,1000.0
20201029,300358,300358.SZ,楚天科技,1000,0,0.0,0.0,0.0,0.0,0.0,0.0
20201029,300363,300363.SZ,博腾股份,1000,0,0.0,0.0,0.0,0.0,0.0,0.0
20201029,300365,300365.SZ,恒华科技,1000,0,0.0,0.0,0.0,0.0,0.0,0.0
20201029,300366,300366.SZ,创意信息,1000,1,0.0,0.0,0.0,0.0,0.0,1000.0
20201029,300367,300367.SZ,ST网力,1000,0,0.0,0.0,0.0,0.0,0.0,0.0
20201029,300368,300368.SZ,汇金股份,1000,0,0.0,0.0,0.0,0.0,0.0,0.0
20201029,300370,300370.SZ,安控科技,1000,1,0.0,0.0,0.0,0.0,0.0,1000.0
20201029,300374,300374.SZ,中铁装配,1000,0,0.0,0.0,0.0,0.0,0.0,0.0
20201029,300375,300375.SZ,鹏翎股份,1000,0,0.0,0.0,0.0,0.0,0.0,0.0
20201029,300376,300376.SZ,易事特,1000,0,0.0,0.0,0.0,0.0,0.0,0.0
20201029,300380,300380.SZ,安硕信息,1000,0,0.0,0.0,0.0,0.0,0.0,0.0
20201029,300382,300382.SZ,斯莱克,1000,0,0.0,0.0,0.0,0.0,0.0,0.0
20201029,300385,300385.SZ,雪浪环境,1000,0,0.0,0.0,0.0,0.0,0.0,0.0
20201029,300387,300387.SZ,富邦股份,1000,0,0.0,0.0,0.0,0.0,0.0,0.0
20201029,300389,300389.SZ,艾比森,1000,0,0.0,0.0,0.0,0.0,0.0,0.0
20201029,300392,300392.SZ,腾信股份,1000,0,0.0,0.0,0.0,0.0,0.0,0.0
20201029,300393,300393.SZ,中来股份,1000,0,0.0,0.0,0.0,0.0,0.0,0.0
20201029,300398,300398.SZ,飞凯材料,1000,1,0.0,0.0,0.0,0.0,0.0,1000.0
20201029,300399,300399.SZ,京天利,1000,0,0.0,0.0,0.0,0.0,0.0,0.0
20201029,300402,300402.SZ,宝色股份,1000,0,0.0,0.0,0.0,0.0,0.0,0.0
20201029,300404,300404.SZ,博济医药,1000,0,0.0,0.0,0.0,0.0,0.0,0.0
20201029,300405,300405.SZ,科隆股份,1000,0,0.0,0.0,0.0,0.0,0.0,0.0
20201029,300407,300407.SZ,凯发电气,1000,0,0.0,0.0,0.0,0.0,0.0,0.0
20201029,300410,300410.SZ,正业科技,1000,0,0.0,0.0,0.0,0.0,0.0,0.0
20201029,300411,300411.SZ,金盾股份,1000,0,0.0,0.0,0.0,0.0,0.0,0.0
20201029,300412,300412.SZ,迦南科技,1000,0,0.0,0.0,0.0,0.0,0.0,0.0
20201029,300414,300414.SZ,中光防雷,1000,1,0.0,0.0,0.0,0.0,0.0,1000.0
20201029,300417,300417.SZ,南华仪器,1000,0,0.0,0.0,0.0,0.0,0.0,0.0
20201029,300419,300419.SZ,浩丰科技,1000,0,0.0,0.0,0.0,0.0,0.0,0.0
20201029,300421,300421.SZ,力星股份,1000,0,0.0,0.0,0.0,0.0,0.0,0.0
20201029,300424,300424.SZ,航新科技,1000,0,0.0,0.0,0.0,0.0,0.0,0.0
20201029,300425,300425.SZ,中建环能,1000,0,0.0,0.0,0.0,0.0,0.0,0.0
20201029,300429,300429.SZ,强力新材,1000,1,0.0,0.0,0.0,0.0,0.0,1000.0
20201029,300430,300430.SZ,诚益通,1000,0,0.0,0.0,0.0,0.0,0.0,0.0
20201029,300431,300431.SZ,暴风退,1000,0,0.0,0.0,0.0,0.0,0.0,0.0
20201029,300432,300432.SZ,富临精工,1000,0,0.0,0.0,0.0,0.0,0.0,0.0
20201029,300434,300434.SZ,金石亚药,1000,0,0.0,0.0,0.0,0.0,0.0,0.0
20201029,300435,300435.SZ,中泰股份,1000,0,0.0,0.0,0.0,0.0,0.0,0.0
20201029,300437,300437.SZ,清水源,1000,0,0.0,0.0,0.0,0.0,0.0,0.0
20201029,300439,300439.SZ,美康生物,1000,0,0.0,0.0,0.0,0.0,0.0,0.0
20201029,300442,300442.SZ,普丽盛,1000,0,0.0,0.0,0.0,0.0,0.0,0.0
20201029,300443,300443.SZ,金雷股份,1000,0,0.0,0.0,0.0,0.0,0.0,0.0
20201029,300444,300444.SZ,双杰电气,1000,0,0.0,0.0,0.0,0.0,0.0,0.0
20201029,300445,300445.SZ,康斯特,1000,0,0.0,0.0,0.0,0.0,0.0,0.0
20201029,300446,300446.SZ,ST乐凯,1000,0,0.0,0.0,0.0,0.0,0.0,0.0
20201029,300447,300447.SZ,全信股份,1000,0,0.0,0.0,0.0,0.0,0.0,0.0
20201029,300449,300449.SZ,汉邦高科,1000,0,0.0,0.0,0.0,0.0,0.0,0.0
20201029,300452,300452.SZ,山河药辅,1000,0,0.0,0.0,0.0,0.0,0.0,0.0
20201029,300453,300453.SZ,三鑫医疗,1000,0,0.0,0.0,0.0,0.0,0.0,0.0
20201029,300459,300459.SZ,金科文化,1000,0,0.0,0.0,0.0,0.0,0.0,0.0
20201029,300464,300464.SZ,星徽精密,1000,0,0.0,0.0,0.0,0.0,0.0,0.0
20201029,300466,300466.SZ,赛摩智能,1000,0,0.0,0.0,0.0,0.0,0.0,0.0
20201029,300468,300468.SZ,四方精创,1000,0,0.0,0.0,0.0,0.0,0.0,0.0
20201029,300469,300469.SZ,信息发展,1000,0,0.0,0.0,0.0,0.0,0.0,0.0
20201029,300470,300470.SZ,中密控股,1000,0,0.0,0.0,0.0,0.0,0.0,0.0
20201029,300471,300471.SZ,厚普股份,1000,1,0.0,0.0,0.0,0.0,0.0,1000.0
20201029,300473,300473.SZ,德尔股份,1000,0,0.0,0.0,0.0,0.0,0.0,0.0
20201029,300477,300477.SZ,合纵科技,1000,0,0.0,0.0,0.0,0.0,0.0,0.0
20201029,300478,300478.SZ,杭州高新,1000,0,0.0,0.0,0.0,0.0,0.0,0.0
20201029,300479,300479.SZ,神思电子,1000,0,0.0,0.0,0.0,0.0,0.0,0.0
20201029,300484,300484.SZ,蓝海华腾,1000,0,0.0,0.0,0.0,0.0,0.0,0.0
20201029,300485,300485.SZ,赛升药业,1000,0,0.0,0.0,0.0,0.0,0.0,0.0
20201029,300488,300488.SZ,恒锋工具,1000,0,0.0,0.0,0.0,0.0,0.0,0.0
20201029,300489,300489.SZ,中飞股份,1000,0,0.0,0.0,0.0,0.0,0.0,0.0
20201029,300490,300490.SZ,华自科技,1000,0,0.0,0.0,0.0,0.0,0.0,0.0
20201029,300491,300491.SZ,通合科技,1000,0,0.0,0.0,0.0,0.0,0.0,0.0
20201029,300492,300492.SZ,华图山鼎,1000,0,0.0,0.0,0.0,0.0,0.0,0.0
20201029,300497,300497.SZ,富祥药业,1000,0,0.0,0.0,0.0,0.0,0.0,0.0
20201029,300499,300499.SZ,高澜股份,1000,0,0.0,0.0,0.0,0.0,0.0,0.0
20201029,300501,300501.SZ,海顺新材,1000,0,0.0,0.0,0.0,0.0,0.0,0.0
20201029,300505,300505.SZ,川金诺,1000,0,0.0,0.0,0.0,0.0,0.0,0.0
20201029,300506,300506.SZ,名家汇,1000,0,0.0,0.0,0.0,0.0,0.0,0.0
20201029,300507,300507.SZ,苏奥传感,1000,0,0.0,0.0,0.0,0.0,0.0,0.0
20201029,300509,300509.SZ,新美星,1000,0,0.0,0.0,0.0,0.0,0.0,0.0
20201029,300510,300510.SZ,金冠股份,1000,0,0.0,0.0,0.0,0.0,0.0,0.0
20201029,300511,300511.SZ,雪榕生物,1000,0,0.0,0.0,0.0,0.0,0.0,0.0
20201029,300514,300514.SZ,友讯达,1000,0,0.0,0.0,0.0,0.0,0.0,0.0
20201029,300516,300516.SZ,久之洋,1000,0,0.0,0.0,0.0,0.0,0.0,0.0
20201029,300517,300517.SZ,海波重科,1000,0,0.0,0.0,0.0,0.0,0.0,0.0
20201029,300518,300518.SZ,盛讯达,1000,0,0.0,0.0,0.0,0.0,0.0,0.0
20201029,300519,300519.SZ,新光药业,1000,0,0.0,0.0,0.0,0.0,0.0,0.0
20201029,300520,300520.SZ,科大国创,1000,0,0.0,0.0,0.0,0.0,0.0,0.0
20201029,300521,300521.SZ,爱司凯,1000,0,0.0,0.0,0.0,0.0,0.0,0.0
20201029,300526,300526.SZ,中潜股份,1000,0,0.0,0.0,0.0,0.0,0.0,0.0
20201029,300527,300527.SZ,中船应急,1000,1,0.0,0.0,0.0,0.0,0.0,1000.0
20201029,300528,300528.SZ,幸福蓝海,1000,0,0.0,0.0,0.0,0.0,0.0,0.0
20201029,300530,300530.SZ,达志科技,1000,0,0.0,0.0,0.0,0.0,0.0,0.0
20201029,300534,300534.SZ,陇神戎发,1000,0,0.0,0.0,0.0,0.0,0.0,0.0
20201029,300535,300535.SZ,达威股份,1000,0,0.0,0.0,0.0,0.0,0.0,0.0
20201029,300536,300536.SZ,农尚环境,1000,0,0.0,0.0,0.0,0.0,0.0,0.0
20201029,300537,300537.SZ,广信材料,1000,0,0.0,0.0,0.0,0.0,0.0,0.0
20201029,300538,300538.SZ,同益股份,1000,0,0.0,0.0,0.0,0.0,0.0,0.0
20201029,300539,300539.SZ,横河模具,1000,0,0.0,0.0,0.0,0.0,0.0,0.0
20201029,300540,300540.SZ,深冷股份,1000,0,0.0,0.0,0.0,0.0,0.0,0.0
20201029,300541,300541.SZ,先进数通,1000,0,0.0,0.0,0.0,0.0,0.0,0.0
20201029,300542,300542.SZ,新晨科技,1000,0,0.0,0.0,0.0,0.0,0.0,0.0
20201029,300543,300543.SZ,朗科智能,1000,0,0.0,0.0,0.0,0.0,0.0,0.0
20201029,300546,300546.SZ,雄帝科技,1000,0,0.0,0.0,0.0,0.0,0.0,0.0
20201029,300547,300547.SZ,川环科技,1000,0,0.0,0.0,0.0,0.0,0.0,0.0
20201029,300549,300549.SZ,优德精密,1000,0,0.0,0.0,0.0,0.0,0.0,0.0
20201029,300551,300551.SZ,古鳌科技,1000,0,0.0,0.0,0.0,0.0,0.0,0.0
20201029,300553,300553.SZ,集智股份,1000,0,0.0,0.0,0.0,0.0,0.0,0.0
20201029,300554,300554.SZ,三超新材,1000,0,0.0,0.0,0.0,0.0,0.0,0.0
20201029,300555,300555.SZ,路通视信,1000,0,0.0,0.0,0.0,0.0,0.0,0.0
20201029,300556,300556.SZ,丝路视觉,1000,0,0.0,0.0,0.0,0.0,0.0,0.0
20201029,300557,300557.SZ,理工光科,1000,0,0.0,0.0,0.0,0.0,0.0,0.0
20201029,300561,300561.SZ,汇金科技,1000,1,0.0,0.0,0.0,0.0,0.0,1000.0
20201029,300563,300563.SZ,神宇股份,1000,0,0.0,0.0,0.0,0.0,0.0,0.0
20201029,300565,300565.SZ,科信技术,1000,0,0.0,0.0,0.0,0.0,0.0,0.0
20201029,300566,300566.SZ,激智科技,1000,0,0.0,0.0,0.0,0.0,0.0,0.0
20201029,300568,300568.SZ,星源材质,1000,0,0.0,0.0,0.0,0.0,0.0,0.0
20201029,300569,300569.SZ,天能重工,1000,0,0.0,0.0,0.0,0.0,0.0,0.0
20201029,300572,300572.SZ,安车检测,1000,0,0.0,0.0,0.0,0.0,0.0,0.0
20201029,300573,300573.SZ,兴齐眼药,1000,0,0.0,0.0,0.0,0.0,0.0,0.0
20201029,300576,300576.SZ,容大感光,1000,1,0.0,0.0,0.0,0.0,0.0,1000.0
20201029,300577,300577.SZ,开润股份,1000,0,0.0,0.0,0.0,0.0,0.0,0.0
20201029,300578,300578.SZ,会畅通讯,1000,0,0.0,0.0,0.0,0.0,0.0,0.0
20201029,300581,300581.SZ,晨曦航空,1000,0,0.0,0.0,0.0,0.0,0.0,0.0
20201029,300582,300582.SZ,英飞特,1000,0,0.0,0.0,0.0,0.0,0.0,0.0
20201029,300584,300584.SZ,海辰药业,1000,0,0.0,0.0,0.0,0.0,0.0,0.0
20201029,300585,300585.SZ,奥联电子,1000,0,0.0,0.0,0.0,0.0,0.0,0.0
20201029,300586,300586.SZ,美联新材,1000,0,0.0,0.0,0.0,0.0,0.0,0.0
20201029,300587,300587.SZ,天铁股份,1000,0,0.0,0.0,0.0,0.0,0.0,0.0
20201029,300588,300588.SZ,熙菱信息,1000,0,0.0,0.0,0.0,0.0,0.0,0.0
20201029,300589,300589.SZ,江龙船艇,1000,0,0.0,0.0,0.0,0.0,0.0,0.0
20201029,300591,300591.SZ,万里马,1000,0,0.0,0.0,0.0,0.0,0.0,0.0
20201029,300592,300592.SZ,华凯创意,1000,0,0.0,0.0,0.0,0.0,0.0,0.0
20201029,300593,300593.SZ,新雷能,1000,0,0.0,0.0,0.0,0.0,0.0,0.0
20201029,300598,300598.SZ,诚迈科技,1000,1,0.0,0.0,0.0,0.0,0.0,1000.0
20201029,300600,300600.SZ,国瑞科技,1000,0,0.0,0.0,0.0,0.0,0.0,0.0
20201029,300603,300603.SZ,立昂技术,1000,0,0.0,0.0,0.0,0.0,0.0,0.0
20201029,300605,300605.SZ,恒锋信息,1000,0,0.0,0.0,0.0,0.0,0.0,0.0
20201029,300606,300606.SZ,金太阳,1000,0,0.0,0.0,0.0,0.0,0.0,0.0
20201029,300609,300609.SZ,汇纳科技,1000,0,0.0,0.0,0.0,0.0,0.0,0.0
20201029,300610,300610.SZ,晨化股份,1000,0,0.0,0.0,0.0,0.0,0.0,0.0
20201029,300611,300611.SZ,美力科技,1000,0,0.0,0.0,0.0,0.0,0.0,0.0
20201029,300612,300612.SZ,宣亚国际,1000,0,0.0,0.0,0.0,0.0,0.0,0.0
20201029,300615,300615.SZ,欣天科技,1000,0,0.0,0.0,0.0,0.0,0.0,0.0
20201029,300619,300619.SZ,金银河,1000,0,0.0,0.0,0.0,0.0,0.0,0.0
20201029,300620,300620.SZ,光库科技,1000,0,0.0,0.0,0.0,0.0,0.0,0.0
20201029,300621,300621.SZ,维业股份,1000,0,0.0,0.0,0.0,0.0,0.0,0.0
20201029,300623,300623.SZ,捷捷微电,1000,0,0.0,0.0,0.0,0.0,0.0,0.0
20201029,300626,300626.SZ,华瑞股份,1000,0,0.0,0.0,0.0,0.0,0.0,0.0
20201029,300629,300629.SZ,新劲刚,1000,0,0.0,0.0,0.0,0.0,0.0,0.0
20201029,300630,300630.SZ,普利制药,1000,1,0.0,0.0,0.0,0.0,0.0,1000.0
20201029,300631,300631.SZ,久吾高科,1000,0,0.0,0.0,0.0,0.0,0.0,0.0
20201029,300634,300634.SZ,彩讯股份,1000,0,0.0,0.0,0.0,0.0,0.0,0.0
20201029,300635,300635.SZ,中达安,1000,0,0.0,0.0,0.0,0.0,0.0,0.0
20201029,300636,300636.SZ,同和药业,1000,0,0.0,0.0,0.0,0.0,0.0,0.0
20201029,300637,300637.SZ,扬帆新材,1000,0,0.0,0.0,0.0,0.0,0.0,0.0
20201029,300640,300640.SZ,德艺文创,1000,0,0.0,0.0,0.0,0.0,0.0,0.0
20201029,300641,300641.SZ,正丹股份,1000,0,0.0,0.0,0.0,0.0,0.0,0.0
20201029,300643,300643.SZ,万通智控,1000,0,0.0,0.0,0.0,0.0,0.0,0.0
20201029,300644,300644.SZ,南京聚隆,1000,0,0.0,0.0,0.0,0.0,0.0,0.0
20201029,300647,300647.SZ,超频三,1000,0,0.0,0.0,0.0,0.0,0.0,0.0
20201029,300648,300648.SZ,星云股份,1000,0,0.0,0.0,0.0,0.0,0.0,0.0
20201029,300650,300650.SZ,太龙照明,1000,0,0.0,0.0,0.0,0.0,0.0,0.0
20201029,300651,300651.SZ,金陵体育,1000,0,0.0,0.0,0.0,0.0,0.0,0.0
20201029,300652,300652.SZ,雷迪克,1000,0,0.0,0.0,0.0,0.0,0.0,0.0
20201029,300654,300654.SZ,世纪天鸿,1000,0,0.0,0.0,0.0,0.0,0.0,0.0
20201029,300655,300655.SZ,晶瑞股份,1000,0,0.0,0.0,0.0,0.0,0.0,0.0
20201029,300656,300656.SZ,民德电子,1000,0,0.0,0.0,0.0,0.0,0.0,0.0
20201029,300659,300659.SZ,中孚信息,1000,0,0.0,0.0,0.0,0.0,0.0,0.0
20201029,300661,300661.SZ,圣邦股份,1000,1,0.0,0.0,0.0,0.0,0.0,1000.0
20201029,300667,300667.SZ,必创科技,1000,0,0.0,0.0,0.0,0.0,0.0,0.0
20201029,300668,300668.SZ,杰恩设计,1000,0,0.0,0.0,0.0,0.0,0.0,0.0
20201029,300669,300669.SZ,沪宁股份,1000,0,0.0,0.0,0.0,0.0,0.0,0.0
20201029,300670,300670.SZ,大烨智能,1000,0,0.0,0.0,0.0,0.0,0.0,0.0
20201029,300671,300671.SZ,富满电子,1000,0,0.0,0.0,0.0,0.0,0.0,0.0
20201029,300675,300675.SZ,建科院,1000,0,0.0,0.0,0.0,0.0,0.0,0.0
20201029,300677,300677.SZ,英科医疗,1000,0,0.0,0.0,0.0,0.0,0.0,0.0
20201029,300680,300680.SZ,隆盛科技,1000,0,0.0,0.0,0.0,0.0,0.0,0.0
20201029,300681,300681.SZ,英搏尔,1000,0,0.0,0.0,0.0,0.0,0.0,0.0
20201029,300683,300683.SZ,海特生物,1000,0,0.0,0.0,0.0,0.0,0.0,0.0
20201029,300684,300684.SZ,中石科技,1000,0,0.0,0.0,0.0,0.0,0.0,0.0
20201029,300687,300687.SZ,赛意信息,1000,0,0.0,0.0,0.0,0.0,0.0,0.0
20201029,300688,300688.SZ,创业黑马,1000,0,0.0,0.0,0.0,0.0,0.0,0.0
20201029,300689,300689.SZ,澄天伟业,1000,0,0.0,0.0,0.0,0.0,0.0,0.0
20201029,300690,300690.SZ,双一科技,1000,0,0.0,0.0,0.0,0.0,0.0,0.0
20201029,300691,300691.SZ,联合光电,1000,0,0.0,0.0,0.0,0.0,0.0,0.0
20201029,300693,300693.SZ,盛弘股份,1000,0,0.0,0.0,0.0,0.0,0.0,0.0
20201029,300696,300696.SZ,爱乐达,1000,0,0.0,0.0,0.0,0.0,0.0,0.0
20201029,300697,300697.SZ,电工合金,1000,0,0.0,0.0,0.0,0.0,0.0,0.0
20201029,300700,300700.SZ,岱勒新材,1000,0,0.0,0.0,0.0,0.0,0.0,0.0
20201029,300703,300703.SZ,创源文化,1000,0,0.0,0.0,0.0,0.0,0.0,0.0
20201029,300705,300705.SZ,九典制药,1000,0,0.0,0.0,0.0,0.0,0.0,0.0
20201029,300706,300706.SZ,阿石创,1000,0,0.0,0.0,0.0,0.0,0.0,0.0
20201029,300707,300707.SZ,威唐工业,1000,0,0.0,0.0,0.0,0.0,0.0,0.0
20201029,300708,300708.SZ,聚灿光电,1000,0,0.0,0.0,0.0,0.0,0.0,0.0
20201029,300710,300710.SZ,万隆光电,1000,0,0.0,0.0,0.0,0.0,0.0,0.0
20201029,300711,300711.SZ,广哈通信,1000,0,0.0,0.0,0.0,0.0,0.0,0.0
20201029,300712,300712.SZ,永福股份,1000,0,0.0,0.0,0.0,0.0,0.0,0.0
20201029,300713,300713.SZ,英可瑞,1000,0,0.0,0.0,0.0,0.0,0.0,0.0
20201029,300715,300715.SZ,凯伦股份,1000,0,0.0,0.0,0.0,0.0,0.0,0.0
20201029,300716,300716.SZ,国立科技,1000,0,0.0,0.0,0.0,0.0,0.0,0.0
20201029,300717,300717.SZ,华信新材,1000,0,0.0,0.0,0.0,0.0,0.0,0.0
20201029,300718,300718.SZ,长盛轴承,1000,0,0.0,0.0,0.0,0.0,0.0,0.0
20201029,300719,300719.SZ,安达维尔,1000,0,0.0,0.0,0.0,0.0,0.0,0.0
20201029,300720,300720.SZ,海川智能,1000,0,0.0,0.0,0.0,0.0,0.0,0.0
20201029,300721,300721.SZ,怡达股份,1000,0,0.0,0.0,0.0,0.0,0.0,0.0
20201029,300722,300722.SZ,新余国科,1000,0,0.0,0.0,0.0,0.0,0.0,0.0
20201029,300725,300725.SZ,药石科技,1000,1,0.0,0.0,0.0,0.0,0.0,1000.0
20201029,300727,300727.SZ,润禾材料,1000,0,0.0,0.0,0.0,0.0,0.0,0.0
20201029,300729,300729.SZ,乐歌股份,1000,0,0.0,0.0,0.0,0.0,0.0,0.0
20201029,300730,300730.SZ,科创信息,1000,0,0.0,0.0,0.0,0.0,0.0,0.0
20201029,300733,300733.SZ,西菱动力,1000,0,0.0,0.0,0.0,0.0,0.0,0.0
20201029,300736,300736.SZ,百邦科技,1000,0,0.0,0.0,0.0,0.0,0.0,0.0
20201029,300737,300737.SZ,科顺股份,1000,0,0.0,0.0,0.0,0.0,0.0,0.0
20201029,300740,300740.SZ,御家汇,1000,0,0.0,0.0,0.0,0.0,0.0,0.0
20201029,300742,300742.SZ,越博动力,1000,0,0.0,0.0,0.0,0.0,0.0,0.0
20201029,300743,300743.SZ,天地数码,1000,0,0.0,0.0,0.0,0.0,0.0,0.0
20201029,300745,300745.SZ,欣锐科技,1000,0,0.0,0.0,0.0,0.0,0.0,0.0
20201029,300748,300748.SZ,金力永磁,1000,1,0.0,0.0,0.0,0.0,0.0,1000.0
20201029,300749,300749.SZ,顶固集创,1000,0,0.0,0.0,0.0,0.0,0.0,0.0
20201029,300751,300751.SZ,迈为股份,1000,0,0.0,0.0,0.0,0.0,0.0,0.0
20201029,300753,300753.SZ,爱朋医疗,1000,0,0.0,0.0,0.0,0.0,0.0,0.0
20201029,300757,300757.SZ,罗博特科,1000,0,0.0,0.0,0.0,0.0,0.0,0.0
20201029,300758,300758.SZ,七彩化学,1000,0,0.0,0.0,0.0,0.0,0.0,0.0
20201029,300763,300763.SZ,锦浪科技,1000,0,0.0,0.0,0.0,0.0,0.0,0.0
20201029,300769,300769.SZ,德方纳米,1000,0,0.0,0.0,0.0,0.0,0.0,0.0
20201029,300778,300778.SZ,新城市,1000,0,0.0,0.0,0.0,0.0,0.0,0.0
20201029,300779,300779.SZ,惠城环保,1000,0,0.0,0.0,0.0,0.0,0.0,0.0
20201029,300780,300780.SZ,德恩精工,1000,0,0.0,0.0,0.0,0.0,0.0,0.0
20201029,300781,300781.SZ,因赛集团,1000,0,0.0,0.0,0.0,0.0,0.0,0.0
20201029,300786,300786.SZ,国林科技,1000,0,0.0,0.0,0.0,0.0,0.0,0.0
20201029,300787,300787.SZ,海能实业,1000,0,0.0,0.0,0.0,0.0,0.0,0.0
20201029,300790,300790.SZ,宇瞳光学,1000,0,0.0,0.0,0.0,0.0,0.0,0.0
20201029,300791,300791.SZ,仙乐健康,1000,0,0.0,0.0,0.0,0.0,0.0,0.0
20201029,300792,300792.SZ,壹网壹创,1000,0,0.0,0.0,0.0,0.0,0.0,0.0
20201029,300795,300795.SZ,米奥会展,1000,0,0.0,0.0,0.0,0.0,0.0,0.0
20201029,600037,600037.SH,歌华有线,1000,1,0.0,0.0,0.0,0.0,0.0,1000.0
20201029,600052,600052.SH,浙江广厦,1000,0,0.0,0.0,0.0,0.0,0.0,0.0
20201029,600067,600067.SH,冠城大通,1000,1,0.0,0.0,0.0,0.0,0.0,1000.0
20201029,600077,600077.SH,宋都股份,1000,1,0.0,0.0,0.0,0.0,0.0,1000.0
20201029,600083,600083.SH,*ST博信,1000,0,0.0,0.0,0.0,0.0,0.0,0.0
20201029,600086,600086.SH,*ST金钰,1000,0,0.0,0.0,0.0,0.0,0.0,0.0
20201029,600091,600091.SH,ST明科,1000,0,0.0,0.0,0.0,0.0,0.0,0.0
20201029,600107,600107.SH,美尔雅,1000,1,0.0,0.0,0.0,0.0,0.0,1000.0
20201029,600110,600110.SH,诺德股份,1000,1,0.0,0.0,0.0,0.0,0.0,1000.0
20201029,600112,600112.SH,ST天成,1000,0,0.0,0.0,0.0,0.0,0.0,0.0
20201029,600119,600119.SH,ST长投,1000,0,0.0,0.0,0.0,0.0,0.0,0.0
20201029,600122,600122.SH,*ST宏图,1000,0,0.0,0.0,0.0,0.0,0.0,0.0
20201029,600129,600129.SH,太极集团,1000,1,0.0,0.0,0.0,0.0,0.0,1000.0
20201029,600130,600130.SH,波导股份,1000,1,0.0,0.0,0.0,0.0,0.0,1000.0
20201029,600136,600136.SH,当代文体,1000,1,0.0,0.0,0.0,0.0,0.0,1000.0
20201029,600139,600139.SH,西部资源,1000,1,0.0,0.0,0.0,0.0,0.0,1000.0
20201029,600146,600146.SH,*ST环球,1000,0,0.0,0.0,0.0,0.0,0.0,0.0
20201029,600151,600151.SH,航天机电,1000,1,0.0,0.0,0.0,0.0,0.0,1000.0
20201029,600156,600156.SH,华升股份,1000,0,0.0,0.0,0.0,0.0,0.0,0.0
20201029,600157,600157.SH,*ST永泰,1000,0,0.0,0.0,0.0,0.0,0.0,0.0
20201029,600165,600165.SH,新日恒力,1000,0,0.0,0.0,0.0,0.0,0.0,0.0
20201029,600166,600166.SH,福田汽车,1000,1,0.0,0.0,0.0,0.0,0.0,1000.0
20201029,600172,600172.SH,黄河旋风,1000,1,0.0,0.0,0.0,0.0,0.0,1000.0
20201029,600178,600178.SH,东安动力,1000,0,0.0,0.0,0.0,0.0,0.0,0.0
20201029,600179,600179.SH,*ST安通,1000,0,0.0,0.0,0.0,0.0,0.0,0.0
20201029,600189,600189.SH,吉林森工,1000,0,0.0,0.0,0.0,0.0,0.0,0.0
20201029,600193,600193.SH,ST创兴,1000,0,0.0,0.0,0.0,0.0,0.0,0.0
20201029,600196,600196.SH,复星医药,1000,1,0.0,0.0,1000.0,0.0,0.0,0.0
20201029,600197,600197.SH,伊力特,1000,1,0.0,0.0,0.0,0.0,0.0,1000.0
20201029,600199,600199.SH,金种子酒,1000,1,0.0,0.0,0.0,0.0,0.0,1000.0
20201029,600203,600203.SH,福日电子,1000,0,0.0,0.0,0.0,0.0,0.0,0.0
20201029,600207,600207.SH,安彩高科,1000,0,0.0,0.0,0.0,0.0,0.0,0.0
20201029,600209,600209.SH,ST罗顿,1000,0,0.0,0.0,0.0,0.0,0.0,0.0
20201029,600211,600211.SH,西藏药业,1000,0,0.0,0.0,0.0,0.0,0.0,0.0
20201029,600220,600220.SH,江苏阳光,1000,1,0.0,0.0,0.0,0.0,0.0,1000.0
20201029,600221,600221.SH,海航控股,1000,1,0.0,0.0,0.0,0.0,0.0,1000.0
20201029,600225,600225.SH,*ST松江,1000,0,0.0,0.0,0.0,0.0,0.0,0.0
20201029,600226,600226.SH,*ST瀚叶,1000,0,0.0,0.0,0.0,0.0,0.0,0.0
20201029,600227,600227.SH,圣济堂,1000,0,0.0,0.0,0.0,0.0,0.0,0.0
20201029,600228,600228.SH,ST昌九,1000,0,0.0,0.0,0.0,0.0,0.0,0.0
20201029,600230,600230.SH,沧州大化,1000,1,0.0,0.0,0.0,0.0,0.0,1000.0
20201029,600234,600234.SH,ST山水,1000,0,0.0,0.0,0.0,0.0,0.0,0.0
20201029,600237,600237.SH,铜峰电子,1000,1,0.0,0.0,0.0,0.0,0.0,1000.0
20201029,600238,600238.SH,ST椰岛,1000,0,0.0,0.0,0.0,0.0,0.0,0.0
20201029,600239,600239.SH,云南城投,1000,1,0.0,0.0,0.0,0.0,0.0,1000.0
20201029,600242,600242.SH,*ST中昌,1000,0,0.0,0.0,0.0,0.0,0.0,0.0
20201029,600246,600246.SH,万通发展,1000,1,0.0,0.0,0.0,0.0,0.0,1000.0
20201029,600247,600247.SH,*ST成城,1000,0,0.0,0.0,0.0,0.0,0.0,0.0
20201029,600255,600255.SH,*ST梦舟,1000,0,0.0,0.0,0.0,0.0,0.0,0.0
20201029,600257,600257.SH,大湖股份,1000,1,0.0,0.0,0.0,0.0,0.0,1000.0
20201029,600268,600268.SH,国电南自,1000,1,0.0,0.0,0.0,0.0,0.0,1000.0
20201029,600272,600272.SH,开开实业,1000,0,0.0,0.0,0.0,0.0,0.0,0.0
20201029,600273,600273.SH,嘉化能源,1000,1,0.0,0.0,0.0,0.0,0.0,1000.0
20201029,600275,600275.SH,ST昌鱼,1000,0,0.0,0.0,0.0,0.0,0.0,0.0
20201029,600280,600280.SH,*ST中商,1000,0,0.0,0.0,0.0,0.0,0.0,0.0
20201029,600289,600289.SH,*ST信通,1000,0,0.0,0.0,0.0,0.0,0.0,0.0
20201029,600290,600290.SH,*ST华仪,1000,0,0.0,0.0,0.0,0.0,0.0,0.0
20201029,600291,600291.SH,西水股份,1000,1,0.0,0.0,0.0,0.0,0.0,1000.0
20201029,600293,600293.SH,三峡新材,1000,1,0.0,0.0,0.0,0.0,0.0,1000.0
20201029,600297,600297.SH,广汇汽车,1000,1,0.0,0.0,0.0,0.0,0.0,1000.0
20201029,600302,600302.SH,标准股份,1000,0,0.0,0.0,0.0,0.0,0.0,0.0
20201029,600303,600303.SH,曙光股份,1000,1,0.0,0.0,0.0,0.0,0.0,1000.0
20201029,600306,600306.SH,*ST商城,1000,0,0.0,0.0,0.0,0.0,0.0,0.0
20201029,600311,600311.SH,*ST荣华,1000,0,0.0,0.0,0.0,0.0,0.0,0.0
20201029,600313,600313.SH,农发种业,1000,0,0.0,0.0,0.0,0.0,0.0,0.0
20201029,600315,600315.SH,上海家化,1000,1,128900.0,0.0,1100.0,-100.0,0.0,0.0
20201029,600316,600316.SH,洪都航空,1000,1,0.0,0.0,0.0,0.0,0.0,1000.0
20201029,600319,600319.SH,ST亚星,1000,0,0.0,0.0,0.0,0.0,0.0,0.0
20201029,600327,600327.SH,大东方,1000,0,0.0,0.0,0.0,0.0,0.0,0.0
20201029,600333,600333.SH,长春燃气,1000,1,0.0,0.0,0.0,0.0,0.0,1000.0
20201029,600336,600336.SH,澳柯玛,1000,1,0.0,0.0,0.0,0.0,0.0,1000.0
20201029,600354,600354.SH,*ST敦种,1000,0,0.0,0.0,0.0,0.0,0.0,0.0
20201029,600355,600355.SH,精伦电子,1000,0,0.0,0.0,0.0,0.0,0.0,0.0
20201029,600359,600359.SH,新农开发,1000,0,0.0,0.0,0.0,0.0,0.0,0.0
20201029,600365,600365.SH,ST通葡,1000,0,0.0,0.0,0.0,0.0,0.0,0.0
20201029,600381,600381.SH,青海春天,1000,0,0.0,0.0,0.0,0.0,0.0,0.0
20201029,600385,600385.SH,ST金泰,1000,0,0.0,0.0,0.0,0.0,0.0,0.0
20201029,600397,600397.SH,安源煤业,1000,0,0.0,0.0,0.0,0.0,0.0,0.0
20201029,600409,600409.SH,三友化工,1000,1,0.0,0.0,0.0,0.0,0.0,1000.0
20201029,600410,600410.SH,华胜天成,1000,1,0.0,0.0,0.0,0.0,0.0,1000.0
20201029,600416,600416.SH,*ST湘电,1000,0,0.0,0.0,0.0,0.0,0.0,0.0
20201029,600418,600418.SH,江淮汽车,1000,1,0.0,0.0,0.0,0.0,0.0,1000.0
20201029,600421,600421.SH,ST仰帆,1000,0,0.0,0.0,0.0,0.0,0.0,0.0
20201029,600425,600425.SH,青松建化,1000,1,0.0,0.0,0.0,0.0,0.0,1000.0
20201029,600433,600433.SH,冠豪高新,1000,1,0.0,0.0,0.0,0.0,0.0,1000.0
20201029,600438,600438.SH,通威股份,1000,1,0.0,0.0,1000.0,0.0,0.0,0.0
20201029,600448,600448.SH,华纺股份,1000,1,0.0,0.0,0.0,0.0,0.0,1000.0
20201029,600462,600462.SH,*ST九有,1000,0,0.0,0.0,0.0,0.0,0.0,0.0
20201029,600468,600468.SH,百利电气,1000,0,0.0,0.0,0.0,0.0,0.0,0.0
20201029,600481,600481.SH,双良节能,1000,1,0.0,0.0,0.0,0.0,0.0,1000.0
20201029,600488,600488.SH,天药股份,1000,0,0.0,0.0,0.0,0.0,0.0,0.0
20201029,600493,600493.SH,凤竹纺织,1000,0,0.0,0.0,0.0,0.0,0.0,0.0
20201029,600496,600496.SH,精工钢构,1000,0,0.0,0.0,0.0,0.0,0.0,0.0
20201029,600505,600505.SH,西昌电力,1000,0,0.0,0.0,0.0,0.0,0.0,0.0
20201029,600506,600506.SH,香梨股份,1000,0,0.0,0.0,0.0,0.0,0.0,0.0
20201029,600518,600518.SH,ST康美,1000,0,0.0,0.0,0.0,0.0,0.0,0.0
20201029,600520,600520.SH,文一科技,1000,0,0.0,0.0,0.0,0.0,0.0,0.0
20201029,600529,600529.SH,山东药玻,1000,1,0.0,0.0,0.0,0.0,0.0,1000.0
20201029,600532,600532.SH,宏达矿业,1000,1,0.0,0.0,0.0,0.0,0.0,1000.0
20201029,600537,600537.SH,亿晶光电,1000,1,0.0,0.0,0.0,0.0,0.0,1000.0
20201029,600540,600540.SH,新赛股份,1000,0,0.0,0.0,0.0,0.0,0.0,0.0
20201029,600543,600543.SH,莫高股份,1000,1,0.0,0.0,0.0,0.0,0.0,1000.0
20201029,600550,600550.SH,保变电气,1000,1,0.0,0.0,0.0,0.0,0.0,1000.0
20201029,600555,600555.SH,*ST海创,1000,0,0.0,0.0,0.0,0.0,0.0,0.0
20201029,600559,600559.SH,老白干酒,1000,1,0.0,0.0,0.0,0.0,0.0,1000.0
20201029,600561,600561.SH,江西长运,1000,0,0.0,0.0,0.0,0.0,0.0,0.0
20201029,600568,600568.SH,*ST中珠,1000,0,0.0,0.0,0.0,0.0,0.0,0.0
20201029,600573,600573.SH,惠泉啤酒,1000,0,0.0,0.0,0.0,0.0,0.0,0.0
20201029,600586,600586.SH,金晶科技,1000,0,0.0,0.0,0.0,0.0,0.0,0.0
20201029,600589,600589.SH,广东榕泰,1000,0,0.0,0.0,0.0,0.0,0.0,0.0
20201029,600595,600595.SH,ST中孚,1000,0,0.0,0.0,0.0,0.0,0.0,0.0
20201029,600599,600599.SH,*ST熊猫,1000,0,0.0,0.0,0.0,0.0,0.0,0.0
20201029,600609,600609.SH,金杯汽车,1000,1,0.0,0.0,0.0,0.0,0.0,1000.0
20201029,600610,600610.SH,ST毅达,1000,0,0.0,0.0,0.0,0.0,0.0,0.0
20201029,600617,600617.SH,国新能源,1000,1,0.0,0.0,0.0,0.0,0.0,1000.0
20201029,600628,600628.SH,新世界,1000,0,0.0,0.0,0.0,0.0,0.0,0.0
20201029,600634,600634.SH,*ST富控,1000,0,0.0,0.0,0.0,0.0,0.0,0.0
20201029,600636,600636.SH,国新文化,1000,1,0.0,0.0,0.0,0.0,0.0,1000.0
20201029,600638,600638.SH,新黄浦,1000,0,0.0,0.0,0.0,0.0,0.0,0.0
20201029,600662,600662.SH,强生控股,1000,1,0.0,0.0,0.0,0.0,0.0,1000.0
20201029,600666,600666.SH,ST瑞德,1000,0,0.0,0.0,0.0,0.0,0.0,0.0
20201029,600671,600671.SH,*ST目药,1000,0,0.0,0.0,0.0,0.0,0.0,0.0
20201029,600676,600676.SH,交运股份,1000,1,0.0,0.0,0.0,0.0,0.0,1000.0
20201029,600684,600684.SH,珠江实业,1000,1,0.0,0.0,0.0,0.0,0.0,1000.0
20201029,600687,600687.SH,*ST刚泰,1000,0,0.0,0.0,0.0,0.0,0.0,0.0
20201029,600692,600692.SH,亚通股份,1000,1,0.0,0.0,0.0,0.0,0.0,1000.0
20201029,600695,600695.SH,绿庭投资,1000,1,0.0,0.0,0.0,0.0,0.0,1000.0
20201029,600696,600696.SH,ST岩石,1000,0,0.0,0.0,0.0,0.0,0.0,0.0
20201029,600698,600698.SH,ST天雁,1000,0,0.0,0.0,0.0,0.0,0.0,0.0
20201029,600702,600702.SH,ST舍得,1000,0,0.0,0.0,0.0,0.0,0.0,0.0
20201029,600711,600711.SH,盛屯矿业,1000,1,0.0,0.0,0.0,0.0,0.0,1000.0
20201029,600712,600712.SH,南宁百货,1000,0,0.0,0.0,0.0,0.0,0.0,0.0
20201029,600715,600715.SH,文投控股,1000,0,0.0,0.0,0.0,0.0,0.0,0.0
20201029,600719,600719.SH,大连热电,1000,0,0.0,0.0,0.0,0.0,0.0,0.0
20201029,600721,600721.SH,ST百花,1000,0,0.0,0.0,0.0,0.0,0.0,0.0
20201029,600723,600723.SH,首商股份,1000,0,0.0,0.0,0.0,0.0,0.0,0.0
20201029,600726,600726.SH,华电能源,1000,0,0.0,0.0,0.0,0.0,0.0,0.0
20201029,600733,600733.SH,北汽蓝谷,1000,1,0.0,0.0,0.0,0.0,0.0,1000.0
20201029,600734,600734.SH,*ST实达,1000,0,0.0,0.0,0.0,0.0,0.0,0.0
20201029,600738,600738.SH,兰州民百,1000,0,0.0,0.0,0.0,0.0,0.0,0.0
20201029,600753,600753.SH,东方银星,1000,0,0.0,0.0,0.0,0.0,0.0,0.0
20201029,600766,600766.SH,园城黄金,1000,1,0.0,0.0,0.0,0.0,0.0,1000.0
20201029,600767,600767.SH,ST运盛,1000,0,0.0,0.0,0.0,0.0,0.0,0.0
20201029,600769,600769.SH,祥龙电业,1000,0,0.0,0.0,0.0,0.0,0.0,0.0
20201029,600771,600771.SH,广誉远,1000,1,0.0,0.0,0.0,0.0,0.0,1000.0
20201029,600774,600774.SH,汉商集团,1000,0,0.0,0.0,0.0,0.0,0.0,0.0
20201029,600778,600778.SH,友好集团,1000,0,0.0,0.0,0.0,0.0,0.0,0.0
20201029,600779,600779.SH,水井坊,1000,1,0.0,0.0,0.0,0.0,0.0,1000.0
20201029,600784,600784.SH,鲁银投资,1000,0,0.0,0.0,0.0,0.0,0.0,0.0
20201029,600785,600785.SH,新华百货,1000,0,0.0,0.0,0.0,0.0,0.0,0.0
20201029,600791,600791.SH,京能置业,1000,0,0.0,0.0,0.0,0.0,0.0,0.0
20201029,600812,600812.SH,华北制药,1000,1,0.0,0.0,0.0,0.0,0.0,1000.0
20201029,600817,600817.SH,ST宏盛,1000,0,0.0,0.0,0.0,0.0,0.0,0.0
20201029,600818,600818.SH,中路股份,1000,0,0.0,0.0,0.0,0.0,0.0,0.0
20201029,600836,600836.SH,*ST界龙,1000,0,0.0,0.0,0.0,0.0,0.0,0.0
20201029,600841,600841.SH,上柴股份,1000,0,0.0,0.0,0.0,0.0,0.0,0.0
20201029,600844,600844.SH,丹化科技,1000,0,0.0,0.0,0.0,0.0,0.0,0.0
20201029,600856,600856.SH,*ST中天,1000,0,0.0,0.0,0.0,0.0,0.0,0.0
20201029,600858,600858.SH,银座股份,1000,0,0.0,0.0,0.0,0.0,0.0,0.0
20201029,600860,600860.SH,*ST京城,1000,0,0.0,0.0,0.0,0.0,0.0,0.0
20201029,600861,600861.SH,北京城乡,1000,0,0.0,0.0,0.0,0.0,0.0,0.0
20201029,600865,600865.SH,百大集团,1000,0,0.0,0.0,0.0,0.0,0.0,0.0
20201029,600870,600870.SH,ST厦华,1000,0,0.0,0.0,0.0,0.0,0.0,0.0
20201029,600876,600876.SH,洛阳玻璃,1000,0,0.0,0.0,0.0,0.0,0.0,0.0
20201029,600883,600883.SH,博闻科技,1000,0,0.0,0.0,0.0,0.0,0.0,0.0
20201029,600884,600884.SH,杉杉股份,1000,1,0.0,0.0,0.0,0.0,0.0,1000.0
20201029,600889,600889.SH,南京化纤,1000,0,0.0,0.0,0.0,0.0,0.0,0.0
20201029,600890,600890.SH,中房股份,1000,0,0.0,0.0,0.0,0.0,0.0,0.0
20201029,600896,600896.SH,览海医疗,1000,0,0.0,0.0,0.0,0.0,0.0,0.0
20201029,600898,600898.SH,*ST美讯,1000,0,0.0,0.0,0.0,0.0,0.0,0.0
20201029,600976,600976.SH,健民集团,1000,1,0.0,0.0,0.0,0.0,0.0,1000.0
20201029,600977,600977.SH,中国电影,1000,1,5800.0,0.0,1000.0,0.0,0.0,0.0
20201029,600978,600978.SH,*ST宜生,1000,0,0.0,0.0,0.0,0.0,0.0,0.0
20201029,600983,600983.SH,惠而浦,1000,0,0.0,0.0,0.0,0.0,0.0,0.0
20201029,601038,601038.SH,一拖股份,1000,1,0.0,0.0,0.0,0.0,0.0,1000.0
20201029,601099,601099.SH,太平洋,1000,1,0.0,7400.0,0.0,0.0,1000.0,0.0
20201029,601113,601113.SH,ST华鼎,1000,0,0.0,0.0,0.0,0.0,0.0,0.0
20201029,601127,601127.SH,小康股份,1000,1,0.0,0.0,0.0,0.0,0.0,1000.0
20201029,601208,601208.SH,东材科技,1000,0,0.0,0.0,0.0,0.0,0.0,0.0
20201029,601216,601216.SH,君正集团,1000,1,0.0,0.0,0.0,0.0,0.0,1000.0
20201029,601218,601218.SH,吉鑫科技,1000,1,0.0,0.0,0.0,0.0,0.0,1000.0
20201029,601339,601339.SH,百隆东方,1000,1,0.0,0.0,0.0,0.0,0.0,1000.0
20201029,601388,601388.SH,怡球资源,1000,1,0.0,0.0,0.0,0.0,0.0,1000.0
20201029,601595,601595.SH,上海电影,1000,0,0.0,0.0,0.0,0.0,0.0,0.0
20201029,601599,601599.SH,鹿港文化,1000,0,0.0,0.0,0.0,0.0,0.0,0.0
20201029,601633,601633.SH,长城汽车,1000,1,0.0,0.0,0.0,0.0,0.0,1000.0
20201029,601677,601677.SH,明泰铝业,1000,0,0.0,0.0,0.0,0.0,0.0,0.0
20201029,601700,601700.SH,风范股份,1000,1,0.0,0.0,0.0,0.0,0.0,1000.0
20201029,601777,601777.SH,*ST力帆,1000,0,0.0,0.0,0.0,0.0,0.0,0.0
20201029,601858,601858.SH,中国科传,1000,1,0.0,0.0,0.0,0.0,0.0,1000.0
20201029,601865,601865.SH,福莱特,1000,1,0.0,0.0,0.0,0.0,0.0,1000.0
20201029,601882,601882.SH,海天精工,1000,0,0.0,0.0,0.0,0.0,0.0,0.0
20201029,601908,601908.SH,京运通,1000,1,0.0,0.0,0.0,0.0,0.0,1000.0
20201029,601952,601952.SH,苏垦农发,1000,1,0.0,0.0,0.0,0.0,0.0,1000.0
20201029,603006,603006.SH,联明股份,1000,0,0.0,0.0,0.0,0.0,0.0,0.0
20201029,603007,603007.SH,花王股份,1000,0,0.0,0.0,0.0,0.0,0.0,0.0
20201029,603013,603013.SH,亚普股份,1000,0,0.0,0.0,0.0,0.0,0.0,0.0
20201029,603021,603021.SH,山东华鹏,1000,0,0.0,0.0,0.0,0.0,0.0,0.0
20201029,603022,603022.SH,新通联,1000,0,0.0,0.0,0.0,0.0,0.0,0.0
20201029,603026,603026.SH,石大胜华,1000,1,0.0,0.0,0.0,0.0,0.0,1000.0
20201029,603028,603028.SH,赛福天,1000,0,0.0,0.0,0.0,0.0,0.0,0.0
20201029,603031,603031.SH,安德利,1000,0,0.0,0.0,0.0,0.0,0.0,0.0
20201029,603032,603032.SH,德新交运,1000,1,0.0,0.0,0.0,0.0,0.0,1000.0
20201029,603039,603039.SH,泛微网络,1000,0,0.0,0.0,0.0,0.0,0.0,0.0
20201029,603041,603041.SH,美思德,1000,0,0.0,0.0,0.0,0.0,0.0,0.0
20201029,603050,603050.SH,科林电气,1000,0,0.0,0.0,0.0,0.0,0.0,0.0
20201029,603063,603063.SH,禾望电气,1000,0,0.0,0.0,0.0,0.0,0.0,0.0
20201029,603067,603067.SH,振华股份,1000,0,0.0,0.0,0.0,0.0,0.0,0.0
20201029,603069,603069.SH,海汽集团,1000,0,0.0,0.0,0.0,0.0,0.0,0.0
20201029,603076,603076.SH,乐惠国际,1000,0,0.0,0.0,0.0,0.0,0.0,0.0
20201029,603080,603080.SH,新疆火炬,1000,0,0.0,0.0,0.0,0.0,0.0,0.0
20201029,603083,603083.SH,剑桥科技,1000,1,0.0,0.0,0.0,0.0,0.0,1000.0
20201029,603085,603085.SH,天成自控,1000,1,0.0,0.0,0.0,0.0,0.0,1000.0
20201029,603089,603089.SH,正裕工业,1000,0,0.0,0.0,0.0,0.0,0.0,0.0
20201029,603099,603099.SH,长白山,1000,0,0.0,0.0,0.0,0.0,0.0,0.0
20201029,603101,603101.SH,汇嘉时代,1000,0,0.0,0.0,0.0,0.0,0.0,0.0
20201029,603103,603103.SH,横店影视,1000,0,0.0,0.0,0.0,0.0,0.0,0.0
20201029,603110,603110.SH,东方材料,1000,0,0.0,0.0,0.0,0.0,0.0,0.0
20201029,603115,603115.SH,海星股份,1000,0,0.0,0.0,0.0,0.0,0.0,0.0
20201029,603116,603116.SH,红蜻蜓,1000,0,0.0,0.0,0.0,0.0,0.0,0.0
20201029,603129,603129.SH,春风动力,1000,0,0.0,0.0,0.0,0.0,0.0,0.0
20201029,603131,603131.SH,上海沪工,1000,0,0.0,0.0,0.0,0.0,0.0,0.0
20201029,603133,603133.SH,碳元科技,1000,0,0.0,0.0,0.0,0.0,0.0,0.0
20201029,603136,603136.SH,天目湖,1000,0,0.0,0.0,0.0,0.0,0.0,0.0
20201029,603157,603157.SH,*ST拉夏,1000,0,0.0,0.0,0.0,0.0,0.0,0.0
20201029,603161,603161.SH,科华控股,1000,0,0.0,0.0,0.0,0.0,0.0,0.0
20201029,603168,603168.SH,莎普爱思,1000,0,0.0,0.0,0.0,0.0,0.0,0.0
20201029,603181,603181.SH,皇马科技,1000,0,0.0,0.0,0.0,0.0,0.0,0.0
20201029,603185,603185.SH,上机数控,1000,0,0.0,0.0,0.0,0.0,0.0,0.0
20201029,603188,603188.SH,ST亚邦,1000,0,0.0,0.0,0.0,0.0,0.0,0.0
20201029,603196,603196.SH,日播时尚,1000,0,0.0,0.0,0.0,0.0,0.0,0.0
20201029,603208,603208.SH,江山欧派,1000,0,0.0,0.0,0.0,0.0,0.0,0.0
20201029,603214,603214.SH,爱婴室,1000,0,0.0,0.0,0.0,0.0,0.0,0.0
20201029,603222,603222.SH,济民制药,1000,0,0.0,0.0,0.0,0.0,0.0,0.0
20201029,603223,603223.SH,恒通股份,1000,0,0.0,0.0,0.0,0.0,0.0,0.0
20201029,603226,603226.SH,菲林格尔,1000,0,0.0,0.0,0.0,0.0,0.0,0.0
20201029,603227,603227.SH,雪峰科技,1000,0,0.0,0.0,0.0,0.0,0.0,0.0
20201029,603229,603229.SH,奥翔药业,1000,0,0.0,0.0,0.0,0.0,0.0,0.0
20201029,603268,603268.SH,松发股份,1000,0,0.0,0.0,0.0,0.0,0.0,0.0
20201029,603277,603277.SH,银都股份,1000,0,0.0,0.0,0.0,0.0,0.0,0.0
20201029,603283,603283.SH,赛腾股份,1000,0,0.0,0.0,0.0,0.0,0.0,0.0
20201029,603289,603289.SH,泰瑞机器,1000,0,0.0,0.0,0.0,0.0,0.0,0.0
20201029,603298,603298.SH,杭叉集团,1000,0,0.0,0.0,0.0,0.0,0.0,0.0
20201029,603326,603326.SH,我乐家居,1000,0,0.0,0.0,0.0,0.0,0.0,0.0
20201029,603330,603330.SH,上海天洋,1000,0,0.0,0.0,0.0,0.0,0.0,0.0
20201029,603348,603348.SH,文灿股份,1000,0,0.0,0.0,0.0,0.0,0.0,0.0
20201029,603351,603351.SH,威尔药业,1000,0,0.0,0.0,0.0,0.0,0.0,0.0
20201029,603363,603363.SH,傲农生物,1000,1,0.0,0.0,0.0,0.0,0.0,1000.0
20201029,603378,603378.SH,亚士创能,1000,0,0.0,0.0,0.0,0.0,0.0,0.0
20201029,603380,603380.SH,易德龙,1000,0,0.0,0.0,0.0,0.0,0.0,0.0
20201029,603386,603386.SH,广东骏亚,1000,0,0.0,0.0,0.0,0.0,0.0,0.0
20201029,603387,603387.SH,基蛋生物,1000,1,0.0,0.0,0.0,0.0,0.0,1000.0
20201029,603389,603389.SH,*ST亚振,1000,0,0.0,0.0,0.0,0.0,0.0,0.0
20201029,603393,603393.SH,新天然气,1000,1,0.0,0.0,0.0,0.0,0.0,1000.0
20201029,603398,603398.SH,邦宝益智,1000,0,0.0,0.0,0.0,0.0,0.0,0.0
20201029,603399,603399.SH,吉翔股份,1000,1,0.0,0.0,0.0,0.0,0.0,1000.0
20201029,603416,603416.SH,信捷电气,1000,0,0.0,0.0,0.0,0.0,0.0,0.0
20201029,603444,603444.SH,吉比特,1000,1,9000.0,0.0,1000.0,0.0,0.0,0.0
20201029,603486,603486.SH,科沃斯,1000,0,0.0,0.0,0.0,0.0,0.0,0.0
20201029,603488,603488.SH,展鹏科技,1000,0,0.0,0.0,0.0,0.0,0.0,0.0
20201029,603499,603499.SH,翔港科技,1000,0,0.0,0.0,0.0,0.0,0.0,0.0
20201029,603518,603518.SH,锦泓集团,1000,0,0.0,0.0,0.0,0.0,0.0,0.0
20201029,603520,603520.SH,司太立,1000,0,0.0,0.0,0.0,0.0,0.0,0.0
20201029,603528,603528.SH,多伦科技,1000,0,0.0,0.0,0.0,0.0,0.0,0.0
20201029,603535,603535.SH,嘉诚国际,1000,0,0.0,0.0,0.0,0.0,0.0,0.0
20201029,603536,603536.SH,惠发食品,1000,0,0.0,0.0,0.0,0.0,0.0,0.0
20201029,603555,603555.SH,*ST贵人,1000,0,0.0,0.0,0.0,0.0,0.0,0.0
20201029,603557,603557.SH,起步股份,1000,0,0.0,0.0,0.0,0.0,0.0,0.0
20201029,603598,603598.SH,引力传媒,1000,0,0.0,0.0,0.0,0.0,0.0,0.0
20201029,603602,603602.SH,纵横通信,1000,1,0.0,0.0,0.0,0.0,0.0,1000.0
20201029,603603,603603.SH,博天环境,1000,0,0.0,0.0,0.0,0.0,0.0,0.0
20201029,603605,603605.SH,珀莱雅,1000,1,0.0,0.0,0.0,0.0,0.0,1000.0
20201029,603606,603606.SH,东方电缆,1000,1,0.0,0.0,0.0,0.0,0.0,1000.0
20201029,603607,603607.SH,京华激光,1000,0,0.0,0.0,0.0,0.0,0.0,0.0
20201029,603615,603615.SH,茶花股份,1000,0,0.0,0.0,0.0,0.0,0.0,0.0
20201029,603616,603616.SH,韩建河山,1000,0,0.0,0.0,0.0,0.0,0.0,0.0
20201029,603619,603619.SH,中曼石油,1000,0,0.0,0.0,0.0,0.0,0.0,0.0
20201029,603628,603628.SH,清源股份,1000,0,0.0,0.0,0.0,0.0,0.0,0.0
20201029,603629,603629.SH,利通电子,1000,0,0.0,0.0,0.0,0.0,0.0,0.0
20201029,603636,603636.SH,南威软件,1000,1,0.0,0.0,0.0,0.0,0.0,1000.0
20201029,603655,603655.SH,朗博科技,1000,0,0.0,0.0,0.0,0.0,0.0,0.0
20201029,603657,603657.SH,春光科技,1000,0,0.0,0.0,0.0,0.0,0.0,0.0
20201029,603665,603665.SH,康隆达,1000,0,0.0,0.0,0.0,0.0,0.0,0.0
20201029,603667,603667.SH,五洲新春,1000,0,0.0,0.0,0.0,0.0,0.0,0.0
20201029,603679,603679.SH,华体科技,1000,0,0.0,0.0,0.0,0.0,0.0,0.0
20201029,603683,603683.SH,晶华新材,1000,0,0.0,0.0,0.0,0.0,0.0,0.0
20201029,603685,603685.SH,晨丰科技,1000,0,0.0,0.0,0.0,0.0,0.0,0.0
20201029,603696,603696.SH,安记食品,1000,1,0.0,0.0,0.0,0.0,0.0,1000.0
20201029,603703,603703.SH,盛洋科技,1000,0,0.0,0.0,0.0,0.0,0.0,0.0
20201029,603709,603709.SH,中源家居,1000,0,0.0,0.0,0.0,0.0,0.0,0.0
20201029,603711,603711.SH,香飘飘,1000,0,0.0,0.0,0.0,0.0,0.0,0.0
20201029,603712,603712.SH,七一二,1000,1,40600.0,0.0,0.0,1000.0,0.0,0.0
20201029,603713,603713.SH,密尔克卫,1000,0,0.0,0.0,0.0,0.0,0.0,0.0
20201029,603718,603718.SH,海利生物,1000,1,0.0,0.0,0.0,0.0,0.0,1000.0
20201029,603721,603721.SH,中广天择,1000,0,0.0,0.0,0.0,0.0,0.0,0.0
20201029,603722,603722.SH,阿科力,1000,0,0.0,0.0,0.0,0.0,0.0,0.0
20201029,603739,603739.SH,蔚蓝生物,1000,0,0.0,0.0,0.0,0.0,0.0,0.0
20201029,603758,603758.SH,秦安股份,1000,0,0.0,0.0,0.0,0.0,0.0,0.0
20201029,603767,603767.SH,中马传动,1000,0,0.0,0.0,0.0,0.0,0.0,0.0
20201029,603768,603768.SH,常青股份,1000,0,0.0,0.0,0.0,0.0,0.0,0.0
20201029,603777,603777.SH,来伊份,1000,0,0.0,0.0,0.0,0.0,0.0,0.0
20201029,603778,603778.SH,乾景园林,1000,0,0.0,0.0,0.0,0.0,0.0,0.0
20201029,603779,603779.SH,ST威龙,1000,0,0.0,0.0,0.0,0.0,0.0,0.0
20201029,603787,603787.SH,新日股份,1000,0,0.0,0.0,0.0,0.0,0.0,0.0
20201029,603788,603788.SH,宁波高发,1000,0,0.0,0.0,0.0,0.0,0.0,0.0
20201029,603790,603790.SH,雅运股份,1000,0,0.0,0.0,0.0,0.0,0.0,0.0
20201029,603806,603806.SH,福斯特,1000,1,0.0,0.0,0.0,0.0,0.0,1000.0
20201029,603808,603808.SH,歌力思,1000,0,0.0,0.0,0.0,0.0,0.0,0.0
20201029,603809,603809.SH,豪能股份,1000,0,0.0,0.0,0.0,0.0,0.0,0.0
20201029,603813,603813.SH,原尚股份,1000,0,0.0,0.0,0.0,0.0,0.0,0.0
20201029,603815,603815.SH,交建股份,1000,0,0.0,0.0,0.0,0.0,0.0,0.0
20201029,603818,603818.SH,曲美家居,1000,0,0.0,0.0,0.0,0.0,0.0,0.0
20201029,603819,603819.SH,神力股份,1000,0,0.0,0.0,0.0,0.0,0.0,0.0
20201029,603826,603826.SH,坤彩科技,1000,0,0.0,0.0,0.0,0.0,0.0,0.0
20201029,603828,603828.SH,柯利达,1000,0,0.0,0.0,0.0,0.0,0.0,0.0
20201029,603856,603856.SH,东宏股份,1000,0,0.0,0.0,0.0,0.0,0.0,0.0
20201029,603877,603877.SH,太平鸟,1000,0,0.0,0.0,0.0,0.0,0.0,0.0
20201029,603879,603879.SH,永悦科技,1000,0,0.0,0.0,0.0,0.0,0.0,0.0
20201029,603880,603880.SH,南卫股份,1000,0,0.0,0.0,0.0,0.0,0.0,0.0
20201029,603881,603881.SH,数据港,1000,1,0.0,0.0,0.0,0.0,0.0,1000.0
20201029,603886,603886.SH,元祖股份,1000,0,0.0,0.0,0.0,0.0,0.0,0.0
20201029,603895,603895.SH,天永智能,1000,0,0.0,0.0,0.0,0.0,0.0,0.0
20201029,603919,603919.SH,金徽酒,1000,1,0.0,0.0,0.0,0.0,0.0,1000.0
20201029,603958,603958.SH,哈森股份,1000,0,0.0,0.0,0.0,0.0,0.0,0.0
20201029,603959,603959.SH,百利科技,1000,1,0.0,0.0,0.0,0.0,0.0,1000.0
20201029,603970,603970.SH,中农立华,1000,0,0.0,0.0,0.0,0.0,0.0,0.0
20201029,603976,603976.SH,正川股份,1000,0,0.0,0.0,0.0,0.0,0.0,0.0
20201029,603977,603977.SH,国泰集团,1000,0,0.0,0.0,0.0,0.0,0.0,0.0
20201029,603982,603982.SH,泉峰汽车,1000,0,0.0,0.0,0.0,0.0,0.0,0.0
20201029,603991,603991.SH,至正股份,1000,0,0.0,0.0,0.0,0.0,0.0,0.0
20201029,603992,603992.SH,松霖科技,1000,0,0.0,0.0,0.0,0.0,0.0,0.0
20201029,603996,603996.SH,*ST中新,1000,0,0.0,0.0,0.0,0.0,0.0,0.0
20201029,603997,603997.SH,继峰股份,1000,0,0.0,0.0,0.0,0.0,0.0,0.0
20201029,000990,603997.SZ,,0,1,0.0,,100.0,-100.0,0.0,0.0
20201029,002241,603997.SZ,,0,1,0.0,,100.0,-100.0,0.0,0.0
20201029,002739,603997.SZ,,0,1,149000.0,,1000.0,-1000.0,0.0,0.0
20201029,300618,603997.SZ,,0,1,0.0,,1000.0,-1000.0,0.0,0.0
