DataDate,AcctIDByMXZ,SecurityID,WindCode,SecName,TgtQty,MarginOrNotMark,AvlQtyInPrivatePool,AvlQtyInPublicPool,QuotaOnLastTrdDate,QtyToTerminate,QtyToLock,QtyToBorrowFromPublicSecPool,QtyToBorrowFromOutsideSource
20201126,307_m_hait_2000,000012,000012.SZ,南玻A,21000,1,0.0,0.0,0.0,0.0,0.0,0.0,21000.0
20201126,307_m_hait_2000,000016,000016.SZ,深康佳A,22000,1,0.0,0.0,0.0,0.0,0.0,0.0,22000.0
20201126,307_m_hait_2000,000032,000032.SZ,深桑达A,0,0,0.0,0.0,0.0,0.0,0.0,0.0,0.0
20201126,307_m_hait_2000,000034,000034.SZ,神州数码,6400,1,0.0,0.0,0.0,0.0,0.0,0.0,6400.0
20201126,307_m_hait_2000,000039,000039.SZ,中集集团,9400,1,0.0,0.0,6400.0,0.0,0.0,0.0,3000.0
20201126,307_m_hait_2000,000048,000048.SZ,京基智农,0,0,0.0,0.0,0.0,0.0,0.0,0.0,0.0
20201126,307_m_hait_2000,000100,000100.SZ,TCL科技,21400,1,0.0,180300.0,7800.0,0.0,0.0,13600.0,0.0
20201126,307_m_hait_2000,000155,000155.SZ,川能动力,0,0,0.0,0.0,0.0,0.0,0.0,0.0,0.0
20201126,307_m_hait_2000,000301,000301.SZ,东方盛虹,13600,1,0.0,0.0,0.0,0.0,0.0,0.0,13600.0
20201126,307_m_hait_2000,000410,000410.SZ,*ST沈机,0,0,0.0,0.0,0.0,0.0,0.0,0.0,0.0
20201126,307_m_hait_2000,000411,000411.SZ,英特集团,0,0,0.0,0.0,0.0,0.0,0.0,0.0,0.0
20201126,307_m_hait_2000,000428,000428.SZ,华天酒店,0,0,0.0,0.0,0.0,0.0,0.0,0.0,0.0
20201126,307_m_hait_2000,000502,000502.SZ,绿景控股,0,0,0.0,0.0,0.0,0.0,0.0,0.0,0.0
20201126,307_m_hait_2000,000506,000506.SZ,中润资源,0,1,0.0,0.0,0.0,0.0,0.0,0.0,0.0
20201126,307_m_hait_2000,000516,000516.SZ,国际医学,16800,1,0.0,0.0,0.0,0.0,0.0,0.0,16800.0
20201126,307_m_hait_2000,000523,000523.SZ,广州浪奇,0,0,0.0,0.0,0.0,0.0,0.0,0.0,0.0
20201126,307_m_hait_2000,000526,000526.SZ,紫光学大,0,0,0.0,0.0,0.0,0.0,0.0,0.0,0.0
20201126,307_m_hait_2000,000534,000534.SZ,万泽股份,0,0,0.0,0.0,0.0,0.0,0.0,0.0,0.0
20201126,307_m_hait_2000,000545,000545.SZ,金浦钛业,0,0,0.0,0.0,0.0,0.0,0.0,0.0,0.0
20201126,307_m_hait_2000,000550,000550.SZ,江铃汽车,7000,1,0.0,0.0,0.0,0.0,0.0,0.0,7000.0
20201126,307_m_hait_2000,000551,000551.SZ,创元科技,16600,1,0.0,0.0,0.0,0.0,0.0,0.0,16600.0
20201126,307_m_hait_2000,000564,000564.SZ,供销大集,0,0,0.0,0.0,0.0,0.0,0.0,0.0,0.0
20201126,307_m_hait_2000,000566,000566.SZ,海南海药,16600,1,0.0,0.0,0.0,0.0,0.0,0.0,16600.0
20201126,307_m_hait_2000,000570,000570.SZ,苏常柴A,0,0,0.0,0.0,0.0,0.0,0.0,0.0,0.0
20201126,307_m_hait_2000,000571,000571.SZ,*ST大洲,0,0,0.0,0.0,0.0,0.0,0.0,0.0,0.0
20201126,307_m_hait_2000,000572,000572.SZ,ST海马,0,0,0.0,0.0,0.0,0.0,0.0,0.0,0.0
20201126,307_m_hait_2000,000573,000573.SZ,粤宏远A,0,0,0.0,0.0,0.0,0.0,0.0,0.0,0.0
20201126,307_m_hait_2000,000592,000592.SZ,平潭发展,0,1,0.0,0.0,0.0,0.0,0.0,0.0,0.0
20201126,307_m_hait_2000,000608,000608.SZ,阳光股份,0,0,0.0,0.0,0.0,0.0,0.0,0.0,0.0
20201126,307_m_hait_2000,000612,000612.SZ,焦作万方,18200,1,0.0,0.0,0.0,0.0,0.0,0.0,18200.0
20201126,307_m_hait_2000,000615,000615.SZ,奥园美谷,0,0,0.0,0.0,0.0,0.0,0.0,0.0,0.0
20201126,307_m_hait_2000,000622,000622.SZ,恒立实业,0,0,0.0,0.0,0.0,0.0,0.0,0.0,0.0
20201126,307_m_hait_2000,000625,000625.SZ,长安汽车,6200,1,0.0,20000.0,0.0,0.0,0.0,6200.0,0.0
20201126,307_m_hait_2000,000633,000633.SZ,合金投资,0,0,0.0,0.0,0.0,0.0,0.0,0.0,0.0
20201126,307_m_hait_2000,000638,000638.SZ,万方发展,0,0,0.0,0.0,0.0,0.0,0.0,0.0,0.0
20201126,307_m_hait_2000,000659,000659.SZ,珠海中富,0,0,0.0,0.0,0.0,0.0,0.0,0.0,0.0
20201126,307_m_hait_2000,000662,000662.SZ,*ST天夏,0,0,0.0,0.0,0.0,0.0,0.0,0.0,0.0
20201126,307_m_hait_2000,000673,000673.SZ,*ST当代,0,0,0.0,0.0,0.0,0.0,0.0,0.0,0.0
20201126,307_m_hait_2000,000676,000676.SZ,智度股份,0,0,0.0,0.0,0.0,0.0,0.0,0.0,0.0
20201126,307_m_hait_2000,000677,000677.SZ,恒天海龙,0,0,0.0,0.0,0.0,0.0,0.0,0.0,0.0
20201126,307_m_hait_2000,000679,000679.SZ,*ST友谊,0,0,0.0,0.0,0.0,0.0,0.0,0.0,0.0
20201126,307_m_hait_2000,000687,000687.SZ,*ST华讯,0,0,0.0,0.0,0.0,0.0,0.0,0.0,0.0
20201126,307_m_hait_2000,000695,000695.SZ,滨海能源,0,0,0.0,0.0,0.0,0.0,0.0,0.0,0.0
20201126,307_m_hait_2000,000698,000698.SZ,沈阳化工,0,0,0.0,0.0,0.0,0.0,0.0,0.0,0.0
20201126,307_m_hait_2000,000711,000711.SZ,京蓝科技,0,0,0.0,0.0,0.0,0.0,0.0,0.0,0.0
20201126,307_m_hait_2000,000720,000720.SZ,新能泰山,0,0,0.0,0.0,0.0,0.0,0.0,0.0,0.0
20201126,307_m_hait_2000,000725,000725.SZ,京东方A,28000,1,11400.0,89200.0,27800.0,0.0,200.0,0.0,0.0
20201126,307_m_hait_2000,000752,000752.SZ,*ST西发,0,0,0.0,0.0,0.0,0.0,0.0,0.0,0.0
20201126,307_m_hait_2000,000762,000762.SZ,西藏矿业,11400,1,0.0,0.0,0.0,0.0,0.0,0.0,11400.0
20201126,307_m_hait_2000,000766,000766.SZ,通化金马,0,1,0.0,0.0,0.0,0.0,0.0,0.0,0.0
20201126,307_m_hait_2000,000780,000780.SZ,*ST平能,0,0,0.0,0.0,0.0,0.0,0.0,0.0,0.0
20201126,307_m_hait_2000,000796,000796.SZ,凯撒旅业,0,0,0.0,0.0,0.0,0.0,0.0,0.0,0.0
20201126,307_m_hait_2000,000798,000798.SZ,中水渔业,0,0,0.0,0.0,0.0,0.0,0.0,0.0,0.0
20201126,307_m_hait_2000,000807,000807.SZ,云铝股份,16800,1,0.0,0.0,0.0,0.0,0.0,0.0,16800.0
20201126,307_m_hait_2000,000809,000809.SZ,铁岭新城,0,0,0.0,0.0,0.0,0.0,0.0,0.0,0.0
20201126,307_m_hait_2000,000811,000811.SZ,冰轮环境,18600,1,0.0,0.0,0.0,0.0,0.0,0.0,18600.0
20201126,307_m_hait_2000,000816,000816.SZ,智慧农业,0,0,0.0,0.0,0.0,0.0,0.0,0.0,0.0
20201126,307_m_hait_2000,000820,000820.SZ,*ST节能,0,0,0.0,0.0,0.0,0.0,0.0,0.0,0.0
20201126,307_m_hait_2000,000829,000829.SZ,天音控股,20800,1,0.0,0.0,0.0,0.0,0.0,0.0,20800.0
20201126,307_m_hait_2000,000830,000830.SZ,鲁西化工,12000,1,0.0,0.0,0.0,0.0,0.0,0.0,12000.0
20201126,307_m_hait_2000,000831,000831.SZ,五矿稀土,0,0,0.0,0.0,0.0,0.0,0.0,0.0,0.0
20201126,307_m_hait_2000,000835,000835.SZ,*ST长动,0,0,0.0,0.0,0.0,0.0,0.0,0.0,0.0
20201126,307_m_hait_2000,000851,000851.SZ,高鸿股份,20000,1,0.0,0.0,0.0,0.0,0.0,0.0,20000.0
20201126,307_m_hait_2000,000868,000868.SZ,ST安凯,0,0,0.0,0.0,0.0,0.0,0.0,0.0,0.0
20201126,307_m_hait_2000,000869,000869.SZ,张裕A,4000,1,0.0,0.0,0.0,0.0,0.0,0.0,4000.0
20201126,307_m_hait_2000,000877,000877.SZ,天山股份,8600,1,0.0,0.0,0.0,0.0,0.0,0.0,8600.0
20201126,307_m_hait_2000,000889,000889.SZ,中嘉博创,23600,1,0.0,0.0,0.0,0.0,0.0,0.0,23600.0
20201126,307_m_hait_2000,000890,000890.SZ,*ST胜尔,0,0,0.0,0.0,0.0,0.0,0.0,0.0,0.0
20201126,307_m_hait_2000,000893,000893.SZ,亚钾国际,0,0,0.0,0.0,0.0,0.0,0.0,0.0,0.0
20201126,307_m_hait_2000,000897,000897.SZ,津滨发展,0,0,0.0,0.0,0.0,0.0,0.0,0.0,0.0
20201126,307_m_hait_2000,000903,000903.SZ,云内动力,0,1,0.0,0.0,0.0,0.0,0.0,0.0,0.0
20201126,307_m_hait_2000,000908,000908.SZ,景峰医药,0,0,0.0,0.0,0.0,0.0,0.0,0.0,0.0
20201126,307_m_hait_2000,000918,000918.SZ,嘉凯城,0,1,0.0,0.0,0.0,0.0,0.0,0.0,0.0
20201126,307_m_hait_2000,000923,000923.SZ,河钢资源,0,0,0.0,0.0,0.0,0.0,0.0,0.0,0.0
20201126,307_m_hait_2000,000929,000929.SZ,兰州黄河,0,0,0.0,0.0,0.0,0.0,0.0,0.0,0.0
20201126,307_m_hait_2000,000933,000933.SZ,神火股份,18600,1,0.0,0.0,0.0,0.0,0.0,0.0,18600.0
20201126,307_m_hait_2000,000949,000949.SZ,新乡化纤,0,0,0.0,0.0,0.0,0.0,0.0,0.0,0.0
20201126,307_m_hait_2000,000957,000957.SZ,中通客车,18000,1,0.0,0.0,0.0,0.0,0.0,0.0,18000.0
20201126,307_m_hait_2000,000962,000962.SZ,东方钽业,0,0,0.0,0.0,0.0,0.0,0.0,0.0,0.0
20201126,307_m_hait_2000,000971,000971.SZ,*ST高升,0,0,0.0,0.0,0.0,0.0,0.0,0.0,0.0
20201126,307_m_hait_2000,000972,000972.SZ,ST中基,0,0,0.0,0.0,0.0,0.0,0.0,0.0,0.0
20201126,307_m_hait_2000,000980,000980.SZ,*ST众泰,0,0,0.0,0.0,0.0,0.0,0.0,0.0,0.0
20201126,307_m_hait_2000,000985,000985.SZ,大庆华科,0,0,0.0,0.0,0.0,0.0,0.0,0.0,0.0
20201126,307_m_hait_2000,002009,002009.SZ,天奇股份,0,0,0.0,0.0,0.0,0.0,0.0,0.0,0.0
20201126,307_m_hait_2000,002021,002021.SZ,ST中捷,0,0,0.0,0.0,0.0,0.0,0.0,0.0,0.0
20201126,307_m_hait_2000,002026,002026.SZ,山东威达,0,0,0.0,0.0,0.0,0.0,0.0,0.0,0.0
20201126,307_m_hait_2000,002044,002044.SZ,美年健康,12600,1,12600.0,0.0,12600.0,0.0,0.0,0.0,0.0
20201126,307_m_hait_2000,002052,002052.SZ,*ST同洲,0,0,0.0,0.0,0.0,0.0,0.0,0.0,0.0
20201126,307_m_hait_2000,002058,002058.SZ,威尔泰,0,0,0.0,0.0,0.0,0.0,0.0,0.0,0.0
20201126,307_m_hait_2000,002069,002069.SZ,獐子岛,0,0,0.0,0.0,0.0,0.0,0.0,0.0,0.0
20201126,307_m_hait_2000,002071,002071.SZ,*ST长城,0,0,0.0,0.0,0.0,0.0,0.0,0.0,0.0
20201126,307_m_hait_2000,002076,002076.SZ,*ST雪莱,0,0,0.0,0.0,0.0,0.0,0.0,0.0,0.0
20201126,307_m_hait_2000,002083,002083.SZ,孚日股份,0,0,0.0,0.0,0.0,0.0,0.0,0.0,0.0
20201126,307_m_hait_2000,002086,002086.SZ,*ST东洋,0,0,0.0,0.0,0.0,0.0,0.0,0.0,0.0
20201126,307_m_hait_2000,002089,002089.SZ,ST新海,0,0,0.0,0.0,0.0,0.0,0.0,0.0,0.0
20201126,307_m_hait_2000,002096,002096.SZ,南岭民爆,0,0,0.0,0.0,0.0,0.0,0.0,0.0,0.0
20201126,307_m_hait_2000,002098,002098.SZ,浔兴股份,0,0,0.0,0.0,0.0,0.0,0.0,0.0,0.0
20201126,307_m_hait_2000,002105,002105.SZ,信隆健康,0,0,0.0,0.0,0.0,0.0,0.0,0.0,0.0
20201126,307_m_hait_2000,002118,002118.SZ,紫鑫药业,0,1,0.0,0.0,0.0,0.0,0.0,0.0,0.0
20201126,307_m_hait_2000,002131,002131.SZ,利欧股份,0,1,0.0,0.0,0.0,0.0,0.0,0.0,0.0
20201126,307_m_hait_2000,002141,002141.SZ,贤丰控股,0,0,0.0,0.0,0.0,0.0,0.0,0.0,0.0
20201126,307_m_hait_2000,002147,002147.SZ,*ST新光,0,0,0.0,0.0,0.0,0.0,0.0,0.0,0.0
20201126,307_m_hait_2000,002149,002149.SZ,西部材料,13600,1,0.0,0.0,0.0,0.0,0.0,0.0,13600.0
20201126,307_m_hait_2000,002160,002160.SZ,常铝股份,0,0,0.0,0.0,0.0,0.0,0.0,0.0,0.0
20201126,307_m_hait_2000,002163,002163.SZ,海南发展,0,0,0.0,0.0,0.0,0.0,0.0,0.0,0.0
20201126,307_m_hait_2000,002165,002165.SZ,红宝丽,0,0,0.0,0.0,0.0,0.0,0.0,0.0,0.0
20201126,307_m_hait_2000,002167,002167.SZ,东方锆业,25000,1,0.0,0.0,0.0,0.0,0.0,0.0,25000.0
20201126,307_m_hait_2000,002172,002172.SZ,澳洋健康,0,0,0.0,0.0,0.0,0.0,0.0,0.0,0.0
20201126,307_m_hait_2000,002173,002173.SZ,创新医疗,0,0,0.0,0.0,0.0,0.0,0.0,0.0,0.0
20201126,307_m_hait_2000,002175,002175.SZ,ST东网,0,0,0.0,0.0,0.0,0.0,0.0,0.0,0.0
20201126,307_m_hait_2000,002176,002176.SZ,*ST江特,0,0,0.0,0.0,0.0,0.0,0.0,0.0,0.0
20201126,307_m_hait_2000,002186,002186.SZ,全聚德,0,0,0.0,0.0,0.0,0.0,0.0,0.0,0.0
20201126,307_m_hait_2000,002188,002188.SZ,ST巴士,0,0,0.0,0.0,0.0,0.0,0.0,0.0,0.0
20201126,307_m_hait_2000,002192,002192.SZ,*ST融捷,0,0,0.0,0.0,0.0,0.0,0.0,0.0,0.0
20201126,307_m_hait_2000,002196,002196.SZ,方正电机,0,0,0.0,0.0,0.0,0.0,0.0,0.0,0.0
20201126,307_m_hait_2000,002200,002200.SZ,ST云投,0,0,0.0,0.0,0.0,0.0,0.0,0.0,0.0
20201126,307_m_hait_2000,002207,002207.SZ,准油股份,0,0,0.0,0.0,0.0,0.0,0.0,0.0,0.0
20201126,307_m_hait_2000,002210,002210.SZ,*ST飞马,0,0,0.0,0.0,0.0,0.0,0.0,0.0,0.0
20201126,307_m_hait_2000,002227,002227.SZ,奥特迅,0,0,0.0,0.0,0.0,0.0,0.0,0.0,0.0
20201126,307_m_hait_2000,002231,002231.SZ,奥维通信,0,0,0.0,0.0,0.0,0.0,0.0,0.0,0.0
20201126,307_m_hait_2000,002232,002232.SZ,启明信息,0,0,0.0,0.0,0.0,0.0,0.0,0.0,0.0
20201126,307_m_hait_2000,002234,002234.SZ,民和股份,8800,1,0.0,0.0,0.0,0.0,0.0,0.0,8800.0
20201126,307_m_hait_2000,002235,002235.SZ,安妮股份,28400,1,0.0,0.0,0.0,0.0,0.0,0.0,28400.0
20201126,307_m_hait_2000,002239,002239.SZ,奥特佳,29200,1,0.0,0.0,0.0,0.0,0.0,0.0,29200.0
20201126,307_m_hait_2000,002240,002240.SZ,盛新锂能,8000,1,0.0,0.0,0.0,0.0,0.0,0.0,8000.0
20201126,307_m_hait_2000,002245,002245.SZ,澳洋顺昌,0,0,0.0,0.0,0.0,0.0,0.0,0.0,0.0
20201126,307_m_hait_2000,002247,002247.SZ,*ST聚力,0,0,0.0,0.0,0.0,0.0,0.0,0.0,0.0
20201126,307_m_hait_2000,002251,002251.SZ,步步高,14800,1,0.0,0.0,0.0,0.0,0.0,0.0,14800.0
20201126,307_m_hait_2000,002256,002256.SZ,*ST兆新,0,0,0.0,0.0,0.0,0.0,0.0,0.0,0.0
20201126,307_m_hait_2000,002259,002259.SZ,*ST升达,0,0,0.0,0.0,0.0,0.0,0.0,0.0,0.0
20201126,307_m_hait_2000,002263,002263.SZ,大东南,0,0,0.0,0.0,0.0,0.0,0.0,0.0,0.0
20201126,307_m_hait_2000,002269,002269.SZ,美邦服饰,0,1,0.0,0.0,0.0,0.0,0.0,0.0,0.0
20201126,307_m_hait_2000,002280,002280.SZ,*ST联络,0,0,0.0,0.0,0.0,0.0,0.0,0.0,0.0
20201126,307_m_hait_2000,002283,002283.SZ,天润工业,0,0,0.0,0.0,0.0,0.0,0.0,0.0,0.0
20201126,307_m_hait_2000,002286,002286.SZ,保龄宝,0,0,0.0,0.0,0.0,0.0,0.0,0.0,0.0
20201126,307_m_hait_2000,002289,002289.SZ,ST宇顺,0,0,0.0,0.0,0.0,0.0,0.0,0.0,0.0
20201126,307_m_hait_2000,002290,002290.SZ,ST中科创,0,0,0.0,0.0,0.0,0.0,0.0,0.0,0.0
20201126,307_m_hait_2000,002291,002291.SZ,星期六,7800,1,0.0,0.0,0.0,0.0,0.0,0.0,7800.0
20201126,307_m_hait_2000,002297,002297.SZ,博云新材,17200,1,0.0,0.0,0.0,0.0,0.0,0.0,17200.0
20201126,307_m_hait_2000,002306,002306.SZ,ST云网,0,0,0.0,0.0,0.0,0.0,0.0,0.0,0.0
20201126,307_m_hait_2000,002316,002316.SZ,亚联发展,0,0,0.0,0.0,0.0,0.0,0.0,0.0,0.0
20201126,307_m_hait_2000,002319,002319.SZ,*ST乐通,0,0,0.0,0.0,0.0,0.0,0.0,0.0,0.0
20201126,307_m_hait_2000,002321,002321.SZ,华英农业,0,1,0.0,0.0,0.0,0.0,0.0,0.0,0.0
20201126,307_m_hait_2000,002323,002323.SZ,*ST雅博,0,0,0.0,0.0,0.0,0.0,0.0,0.0,0.0
20201126,307_m_hait_2000,002331,002331.SZ,皖通科技,0,0,0.0,0.0,0.0,0.0,0.0,0.0,0.0
20201126,307_m_hait_2000,002336,002336.SZ,ST人乐,0,0,0.0,0.0,0.0,0.0,0.0,0.0,0.0
20201126,307_m_hait_2000,002337,002337.SZ,赛象科技,0,0,0.0,0.0,0.0,0.0,0.0,0.0,0.0
20201126,307_m_hait_2000,002340,002340.SZ,格林美,28600,1,9100.0,0.0,17200.0,0.0,9100.0,0.0,2300.0
20201126,307_m_hait_2000,002342,002342.SZ,巨力索具,0,0,0.0,0.0,0.0,0.0,0.0,0.0,0.0
20201126,307_m_hait_2000,002348,002348.SZ,高乐股份,0,0,0.0,0.0,0.0,0.0,0.0,0.0,0.0
20201126,307_m_hait_2000,002353,002353.SZ,杰瑞股份,4000,1,0.0,236100.0,4200.0,200.0,-200.0,0.0,0.0
20201126,307_m_hait_2000,002354,002354.SZ,*ST天娱,0,0,0.0,0.0,0.0,0.0,0.0,0.0,0.0
20201126,307_m_hait_2000,002356,002356.SZ,*ST赫美,0,0,0.0,0.0,0.0,0.0,0.0,0.0,0.0
20201126,307_m_hait_2000,002363,002363.SZ,隆基机械,0,0,0.0,0.0,0.0,0.0,0.0,0.0,0.0
20201126,307_m_hait_2000,002366,002366.SZ,台海核电,0,1,0.0,0.0,0.0,0.0,0.0,0.0,0.0
20201126,307_m_hait_2000,002369,002369.SZ,卓翼科技,24000,1,0.0,0.0,0.0,0.0,0.0,0.0,24000.0
20201126,307_m_hait_2000,002370,002370.SZ,亚太药业,0,1,0.0,0.0,0.0,0.0,0.0,0.0,0.0
20201126,307_m_hait_2000,002378,002378.SZ,章源钨业,26200,1,0.0,0.0,0.0,0.0,0.0,0.0,26200.0
20201126,307_m_hait_2000,002379,002379.SZ,宏创控股,0,0,0.0,0.0,0.0,0.0,0.0,0.0,0.0
20201126,307_m_hait_2000,002383,002383.SZ,合众思壮,17400,1,0.0,0.0,0.0,0.0,0.0,0.0,17400.0
20201126,307_m_hait_2000,002389,002389.SZ,航天彩虹,6200,1,0.0,0.0,0.0,0.0,0.0,0.0,6200.0
20201126,307_m_hait_2000,002407,002407.SZ,多氟多,9000,1,0.0,0.0,1000.0,0.0,0.0,0.0,8000.0
20201126,307_m_hait_2000,002417,002417.SZ,深南股份,0,0,0.0,0.0,0.0,0.0,0.0,0.0,0.0
20201126,307_m_hait_2000,002418,002418.SZ,*ST康盛,0,0,0.0,0.0,0.0,0.0,0.0,0.0,0.0
20201126,307_m_hait_2000,002427,002427.SZ,ST尤夫,0,0,0.0,0.0,0.0,0.0,0.0,0.0,0.0
20201126,307_m_hait_2000,002442,002442.SZ,龙星化工,0,0,0.0,0.0,0.0,0.0,0.0,0.0,0.0
20201126,307_m_hait_2000,002445,002445.SZ,*ST中南,0,0,0.0,0.0,0.0,0.0,0.0,0.0,0.0
20201126,307_m_hait_2000,002458,002458.SZ,益生股份,12600,1,0.0,0.0,0.0,0.0,0.0,0.0,12600.0
20201126,307_m_hait_2000,002459,002459.SZ,晶澳科技,0,0,0.0,0.0,0.0,0.0,0.0,0.0,0.0
20201126,307_m_hait_2000,002464,002464.SZ,众应互联,0,1,0.0,0.0,0.0,0.0,0.0,0.0,0.0
20201126,307_m_hait_2000,002466,002466.SZ,天齐锂业,5400,1,0.0,28600.0,4200.0,0.0,0.0,1200.0,0.0
20201126,307_m_hait_2000,002469,002469.SZ,三维工程,0,0,0.0,0.0,0.0,0.0,0.0,0.0,0.0
20201126,307_m_hait_2000,002470,002470.SZ,*ST金正,0,0,0.0,0.0,0.0,0.0,0.0,0.0,0.0
20201126,307_m_hait_2000,002472,002472.SZ,双环传动,0,0,0.0,0.0,0.0,0.0,0.0,0.0,0.0
20201126,307_m_hait_2000,002490,002490.SZ,山东墨龙,0,0,0.0,0.0,0.0,0.0,0.0,0.0,0.0
20201126,307_m_hait_2000,002494,002494.SZ,华斯股份,0,0,0.0,0.0,0.0,0.0,0.0,0.0,0.0
20201126,307_m_hait_2000,002495,002495.SZ,佳隆股份,0,0,0.0,0.0,0.0,0.0,0.0,0.0,0.0
20201126,307_m_hait_2000,002496,002496.SZ,*ST辉丰,0,0,0.0,0.0,0.0,0.0,0.0,0.0,0.0
20201126,307_m_hait_2000,002501,002501.SZ,*ST利源,0,0,0.0,0.0,0.0,0.0,0.0,0.0,0.0
20201126,307_m_hait_2000,002506,002506.SZ,协鑫集成,0,1,0.0,0.0,0.0,0.0,0.0,0.0,0.0
20201126,307_m_hait_2000,002514,002514.SZ,宝馨科技,0,0,0.0,0.0,0.0,0.0,0.0,0.0,0.0
20201126,307_m_hait_2000,002524,002524.SZ,光正眼科,0,0,0.0,0.0,0.0,0.0,0.0,0.0,0.0
20201126,307_m_hait_2000,002535,002535.SZ,*ST林重,0,0,0.0,0.0,0.0,0.0,0.0,0.0,0.0
20201126,307_m_hait_2000,002553,002553.SZ,南方轴承,0,0,0.0,0.0,0.0,0.0,0.0,0.0,0.0
20201126,307_m_hait_2000,002569,002569.SZ,ST步森,0,0,0.0,0.0,0.0,0.0,0.0,0.0,0.0
20201126,307_m_hait_2000,002571,002571.SZ,德力股份,0,0,0.0,0.0,0.0,0.0,0.0,0.0,0.0
20201126,307_m_hait_2000,002575,002575.SZ,*ST群兴,0,0,0.0,0.0,0.0,0.0,0.0,0.0,0.0
20201126,307_m_hait_2000,002578,002578.SZ,闽发铝业,0,0,0.0,0.0,0.0,0.0,0.0,0.0,0.0
20201126,307_m_hait_2000,002584,002584.SZ,西陇科学,0,0,0.0,0.0,0.0,0.0,0.0,0.0,0.0
20201126,307_m_hait_2000,002592,002592.SZ,ST八菱,0,0,0.0,0.0,0.0,0.0,0.0,0.0,0.0
20201126,307_m_hait_2000,002612,002612.SZ,朗姿股份,0,0,0.0,0.0,0.0,0.0,0.0,0.0,0.0
20201126,307_m_hait_2000,002617,002617.SZ,露笑科技,20000,1,0.0,0.0,0.0,0.0,0.0,0.0,20000.0
20201126,307_m_hait_2000,002618,002618.SZ,丹邦科技,22800,1,0.0,0.0,0.0,0.0,0.0,0.0,22800.0
20201126,307_m_hait_2000,002622,002622.SZ,融钰集团,0,0,0.0,0.0,0.0,0.0,0.0,0.0,0.0
20201126,307_m_hait_2000,002623,002623.SZ,亚玛顿,0,0,0.0,0.0,0.0,0.0,0.0,0.0,0.0
20201126,307_m_hait_2000,002629,002629.SZ,ST仁智,0,0,0.0,0.0,0.0,0.0,0.0,0.0,0.0
20201126,307_m_hait_2000,002639,002639.SZ,雪人股份,19800,1,0.0,0.0,0.0,0.0,0.0,0.0,19800.0
20201126,307_m_hait_2000,002646,002646.SZ,青青稞酒,8800,1,0.0,0.0,0.0,0.0,0.0,0.0,8800.0
20201126,307_m_hait_2000,002650,002650.SZ,ST加加,0,0,0.0,0.0,0.0,0.0,0.0,0.0,0.0
20201126,307_m_hait_2000,002651,002651.SZ,利君股份,0,0,0.0,0.0,0.0,0.0,0.0,0.0,0.0
20201126,307_m_hait_2000,002656,002656.SZ,ST摩登,0,0,0.0,0.0,0.0,0.0,0.0,0.0,0.0
20201126,307_m_hait_2000,002659,002659.SZ,凯文教育,0,0,0.0,0.0,0.0,0.0,0.0,0.0,0.0
20201126,307_m_hait_2000,002664,002664.SZ,长鹰信质,0,0,0.0,0.0,0.0,0.0,0.0,0.0,0.0
20201126,307_m_hait_2000,002674,002674.SZ,兴业科技,0,0,0.0,0.0,0.0,0.0,0.0,0.0,0.0
20201126,307_m_hait_2000,002682,002682.SZ,龙洲股份,0,0,0.0,0.0,0.0,0.0,0.0,0.0,0.0
20201126,307_m_hait_2000,002684,002684.SZ,ST猛狮,0,0,0.0,0.0,0.0,0.0,0.0,0.0,0.0
20201126,307_m_hait_2000,002707,002707.SZ,众信旅游,0,0,0.0,0.0,0.0,0.0,0.0,0.0,0.0
20201126,307_m_hait_2000,002716,002716.SZ,*ST金贵,0,0,0.0,0.0,0.0,0.0,0.0,0.0,0.0
20201126,307_m_hait_2000,002724,002724.SZ,海洋王,0,0,0.0,0.0,0.0,0.0,0.0,0.0,0.0
20201126,307_m_hait_2000,002728,002728.SZ,特一药业,0,0,0.0,0.0,0.0,0.0,0.0,0.0,0.0
20201126,307_m_hait_2000,002733,002733.SZ,雄韬股份,7000,1,0.0,0.0,0.0,0.0,0.0,0.0,7000.0
20201126,307_m_hait_2000,002739,002739.SZ,万达电影,7600,1,0.0,0.0,5400.0,0.0,0.0,0.0,2200.0
20201126,307_m_hait_2000,002747,002747.SZ,埃斯顿,5800,1,0.0,0.0,0.0,0.0,0.0,0.0,5800.0
20201126,307_m_hait_2000,002750,002750.SZ,龙津药业,15400,1,0.0,0.0,0.0,0.0,0.0,0.0,15400.0
20201126,307_m_hait_2000,002756,002756.SZ,永兴材料,0,0,0.0,0.0,0.0,0.0,0.0,0.0,0.0
20201126,307_m_hait_2000,002759,002759.SZ,天际股份,0,0,0.0,0.0,0.0,0.0,0.0,0.0,0.0
20201126,307_m_hait_2000,002760,002760.SZ,凤形股份,0,0,0.0,0.0,0.0,0.0,0.0,0.0,0.0
20201126,307_m_hait_2000,002766,002766.SZ,ST索菱,0,0,0.0,0.0,0.0,0.0,0.0,0.0,0.0
20201126,307_m_hait_2000,002770,002770.SZ,ST科迪,0,0,0.0,0.0,0.0,0.0,0.0,0.0,0.0
20201126,307_m_hait_2000,002776,002776.SZ,柏堡龙,0,0,0.0,0.0,0.0,0.0,0.0,0.0,0.0
20201126,307_m_hait_2000,002779,002779.SZ,中坚科技,0,0,0.0,0.0,0.0,0.0,0.0,0.0,0.0
20201126,307_m_hait_2000,002781,002781.SZ,奇信股份,0,0,0.0,0.0,0.0,0.0,0.0,0.0,0.0
20201126,307_m_hait_2000,002785,002785.SZ,万里石,0,0,0.0,0.0,0.0,0.0,0.0,0.0,0.0
20201126,307_m_hait_2000,002786,002786.SZ,银宝山新,0,0,0.0,0.0,0.0,0.0,0.0,0.0,0.0
20201126,307_m_hait_2000,002805,002805.SZ,丰元股份,0,0,0.0,0.0,0.0,0.0,0.0,0.0,0.0
20201126,307_m_hait_2000,002806,002806.SZ,华锋股份,0,0,0.0,0.0,0.0,0.0,0.0,0.0,0.0
20201126,307_m_hait_2000,002813,002813.SZ,路畅科技,0,0,0.0,0.0,0.0,0.0,0.0,0.0,0.0
20201126,307_m_hait_2000,002816,002816.SZ,和科达,0,0,0.0,0.0,0.0,0.0,0.0,0.0,0.0
20201126,307_m_hait_2000,002819,002819.SZ,东方中科,0,0,0.0,0.0,0.0,0.0,0.0,0.0,0.0
20201126,307_m_hait_2000,002824,002824.SZ,和胜股份,0,0,0.0,0.0,0.0,0.0,0.0,0.0,0.0
20201126,307_m_hait_2000,002828,002828.SZ,贝肯能源,0,0,0.0,0.0,0.0,0.0,0.0,0.0,0.0
20201126,307_m_hait_2000,002848,002848.SZ,高斯贝尔,0,0,0.0,0.0,0.0,0.0,0.0,0.0,0.0
20201126,307_m_hait_2000,002856,002856.SZ,美芝股份,0,0,0.0,0.0,0.0,0.0,0.0,0.0,0.0
20201126,307_m_hait_2000,002862,002862.SZ,实丰文化,0,0,0.0,0.0,0.0,0.0,0.0,0.0,0.0
20201126,307_m_hait_2000,002865,002865.SZ,钧达股份,0,0,0.0,0.0,0.0,0.0,0.0,0.0,0.0
20201126,307_m_hait_2000,002875,002875.SZ,安奈儿,0,0,0.0,0.0,0.0,0.0,0.0,0.0,0.0
20201126,307_m_hait_2000,002884,002884.SZ,凌霄泵业,0,0,0.0,0.0,0.0,0.0,0.0,0.0,0.0
20201126,307_m_hait_2000,002890,002890.SZ,弘宇股份,0,0,0.0,0.0,0.0,0.0,0.0,0.0,0.0
20201126,307_m_hait_2000,002893,002893.SZ,华通热力,0,0,0.0,0.0,0.0,0.0,0.0,0.0,0.0
20201126,307_m_hait_2000,002906,002906.SZ,华阳集团,0,0,0.0,0.0,0.0,0.0,0.0,0.0,0.0
20201126,307_m_hait_2000,002919,002919.SZ,名臣健康,0,0,0.0,0.0,0.0,0.0,0.0,0.0,0.0
20201126,307_m_hait_2000,002943,002943.SZ,宇晶股份,0,0,0.0,0.0,0.0,0.0,0.0,0.0,0.0
20201126,307_m_hait_2000,002953,002953.SZ,日丰股份,0,0,0.0,0.0,0.0,0.0,0.0,0.0,0.0
20201126,307_m_hait_2000,002956,002956.SZ,西麦食品,0,0,0.0,0.0,0.0,0.0,0.0,0.0,0.0
20201126,307_m_hait_2000,300002,300002.SZ,神州泰岳,24200,1,0.0,0.0,0.0,0.0,0.0,0.0,24200.0
20201126,307_m_hait_2000,300004,300004.SZ,南风股份,0,0,0.0,0.0,0.0,0.0,0.0,0.0,0.0
20201126,307_m_hait_2000,300005,300005.SZ,探路者,0,0,0.0,0.0,0.0,0.0,0.0,0.0,0.0
20201126,307_m_hait_2000,300008,300008.SZ,天海防务,0,0,0.0,0.0,0.0,0.0,0.0,0.0,0.0
20201126,307_m_hait_2000,300013,300013.SZ,新宁物流,0,0,0.0,0.0,0.0,0.0,0.0,0.0,0.0
20201126,307_m_hait_2000,300019,300019.SZ,硅宝科技,0,0,0.0,0.0,0.0,0.0,0.0,0.0,0.0
20201126,307_m_hait_2000,300022,300022.SZ,吉峰科技,0,0,0.0,0.0,0.0,0.0,0.0,0.0,0.0
20201126,307_m_hait_2000,300023,300023.SZ,宝德股份,0,0,0.0,0.0,0.0,0.0,0.0,0.0,0.0
20201126,307_m_hait_2000,300029,300029.SZ,ST天龙,0,0,0.0,0.0,0.0,0.0,0.0,0.0,0.0
20201126,307_m_hait_2000,300032,300032.SZ,金龙机电,0,0,0.0,0.0,0.0,0.0,0.0,0.0,0.0
20201126,307_m_hait_2000,300034,300034.SZ,钢研高纳,5800,1,0.0,0.0,0.0,0.0,0.0,0.0,5800.0
20201126,307_m_hait_2000,300035,300035.SZ,中科电气,0,0,0.0,0.0,0.0,0.0,0.0,0.0,0.0
20201126,307_m_hait_2000,300037,300037.SZ,新宙邦,1600,1,23400.0,0.0,1600.0,0.0,0.0,0.0,0.0
20201126,307_m_hait_2000,300038,300038.SZ,数知科技,23600,1,0.0,0.0,0.0,0.0,0.0,0.0,23600.0
20201126,307_m_hait_2000,300040,300040.SZ,九洲集团,0,0,0.0,0.0,0.0,0.0,0.0,0.0,0.0
20201126,307_m_hait_2000,300046,300046.SZ,台基股份,0,0,0.0,0.0,0.0,0.0,0.0,0.0,0.0
20201126,307_m_hait_2000,300048,300048.SZ,合康新能,0,0,0.0,0.0,0.0,0.0,0.0,0.0,0.0
20201126,307_m_hait_2000,300051,300051.SZ,三五互联,0,0,0.0,0.0,0.0,0.0,0.0,0.0,0.0
20201126,307_m_hait_2000,300052,300052.SZ,中青宝,0,0,0.0,0.0,0.0,0.0,0.0,0.0,0.0
20201126,307_m_hait_2000,300057,300057.SZ,万顺新材,0,0,0.0,0.0,0.0,0.0,0.0,0.0,0.0
20201126,307_m_hait_2000,300061,300061.SZ,旗天科技,0,0,0.0,0.0,0.0,0.0,0.0,0.0,0.0
20201126,307_m_hait_2000,300062,300062.SZ,中能电气,0,0,0.0,0.0,0.0,0.0,0.0,0.0,0.0
20201126,307_m_hait_2000,300063,300063.SZ,天龙集团,0,0,0.0,0.0,0.0,0.0,0.0,0.0,0.0
20201126,307_m_hait_2000,300064,300064.SZ,ST金刚,0,0,0.0,0.0,0.0,0.0,0.0,0.0,0.0
20201126,307_m_hait_2000,300067,300067.SZ,安诺其,0,0,0.0,0.0,0.0,0.0,0.0,0.0,0.0
20201126,307_m_hait_2000,300071,300071.SZ,华谊嘉信,0,0,0.0,0.0,0.0,0.0,0.0,0.0,0.0
20201126,307_m_hait_2000,300072,300072.SZ,三聚环保,21000,1,0.0,44500.0,200.0,0.0,0.0,20800.0,0.0
20201126,307_m_hait_2000,300076,300076.SZ,GQY视讯,0,0,0.0,0.0,0.0,0.0,0.0,0.0,0.0
20201126,307_m_hait_2000,300084,300084.SZ,海默科技,0,0,0.0,0.0,0.0,0.0,0.0,0.0,0.0
20201126,307_m_hait_2000,300086,300086.SZ,康芝药业,0,0,0.0,0.0,0.0,0.0,0.0,0.0,0.0
20201126,307_m_hait_2000,300091,300091.SZ,金通灵,29400,1,0.0,0.0,0.0,0.0,0.0,0.0,29400.0
20201126,307_m_hait_2000,300092,300092.SZ,科新机电,0,0,0.0,0.0,0.0,0.0,0.0,0.0,0.0
20201126,307_m_hait_2000,300093,300093.SZ,金刚玻璃,0,0,0.0,0.0,0.0,0.0,0.0,0.0,0.0
20201126,307_m_hait_2000,300094,300094.SZ,国联水产,0,0,0.0,0.0,0.0,0.0,0.0,0.0,0.0
20201126,307_m_hait_2000,300096,300096.SZ,易联众,0,0,0.0,0.0,0.0,0.0,0.0,0.0,0.0
20201126,307_m_hait_2000,300097,300097.SZ,智云股份,0,0,0.0,0.0,0.0,0.0,0.0,0.0,0.0
20201126,307_m_hait_2000,300098,300098.SZ,高新兴,26600,1,0.0,0.0,0.0,0.0,0.0,0.0,26600.0
20201126,307_m_hait_2000,300099,300099.SZ,精准信息,19400,1,0.0,0.0,0.0,0.0,0.0,0.0,19400.0
20201126,307_m_hait_2000,300100,300100.SZ,双林股份,0,0,0.0,0.0,0.0,0.0,0.0,0.0,0.0
20201126,307_m_hait_2000,300102,300102.SZ,乾照光电,0,0,0.0,0.0,0.0,0.0,0.0,0.0,0.0
20201126,307_m_hait_2000,300103,300103.SZ,达刚控股,0,0,0.0,0.0,0.0,0.0,0.0,0.0,0.0
20201126,307_m_hait_2000,300106,300106.SZ,西部牧业,0,0,0.0,0.0,0.0,0.0,0.0,0.0,0.0
20201126,307_m_hait_2000,300107,300107.SZ,建新股份,0,0,0.0,0.0,0.0,0.0,0.0,0.0,0.0
20201126,307_m_hait_2000,300108,300108.SZ,吉药控股,0,0,0.0,0.0,0.0,0.0,0.0,0.0,0.0
20201126,307_m_hait_2000,300111,300111.SZ,向日葵,0,0,0.0,0.0,0.0,0.0,0.0,0.0,0.0
20201126,307_m_hait_2000,300116,300116.SZ,保力新,0,0,0.0,0.0,0.0,0.0,0.0,0.0,0.0
20201126,307_m_hait_2000,300117,300117.SZ,嘉寓股份,0,0,0.0,0.0,0.0,0.0,0.0,0.0,0.0
20201126,307_m_hait_2000,300121,300121.SZ,阳谷华泰,0,0,0.0,0.0,0.0,0.0,0.0,0.0,0.0
20201126,307_m_hait_2000,300122,300122.SZ,智飞生物,1200,1,0.0,11614.0,500.0,0.0,0.0,700.0,0.0
20201126,307_m_hait_2000,300126,300126.SZ,锐奇股份,0,0,0.0,0.0,0.0,0.0,0.0,0.0,0.0
20201126,307_m_hait_2000,300128,300128.SZ,锦富技术,0,1,0.0,0.0,0.0,0.0,0.0,0.0,0.0
20201126,307_m_hait_2000,300129,300129.SZ,泰胜风能,0,0,0.0,0.0,0.0,0.0,0.0,0.0,0.0
20201126,307_m_hait_2000,300131,300131.SZ,英唐智控,0,0,0.0,0.0,0.0,0.0,0.0,0.0,0.0
20201126,307_m_hait_2000,300132,300132.SZ,青松股份,0,0,0.0,0.0,0.0,0.0,0.0,0.0,0.0
20201126,307_m_hait_2000,300135,300135.SZ,宝利国际,0,0,0.0,0.0,0.0,0.0,0.0,0.0,0.0
20201126,307_m_hait_2000,300138,300138.SZ,晨光生物,0,0,0.0,0.0,0.0,0.0,0.0,0.0,0.0
20201126,307_m_hait_2000,300139,300139.SZ,晓程科技,11600,1,0.0,0.0,0.0,0.0,0.0,0.0,11600.0
20201126,307_m_hait_2000,300140,300140.SZ,中环装备,0,0,0.0,0.0,0.0,0.0,0.0,0.0,0.0
20201126,307_m_hait_2000,300141,300141.SZ,和顺电气,0,0,0.0,0.0,0.0,0.0,0.0,0.0,0.0
20201126,307_m_hait_2000,300152,300152.SZ,科融环境,0,1,0.0,0.0,0.0,0.0,0.0,0.0,0.0
20201126,307_m_hait_2000,300153,300153.SZ,科泰电源,0,0,0.0,0.0,0.0,0.0,0.0,0.0,0.0
20201126,307_m_hait_2000,300154,300154.SZ,瑞凌股份,0,0,0.0,0.0,0.0,0.0,0.0,0.0,0.0
20201126,307_m_hait_2000,300155,300155.SZ,安居宝,0,0,0.0,0.0,0.0,0.0,0.0,0.0,0.0
20201126,307_m_hait_2000,300157,300157.SZ,恒泰艾普,29400,1,0.0,0.0,0.0,0.0,0.0,0.0,29400.0
20201126,307_m_hait_2000,300159,300159.SZ,新研股份,0,0,0.0,0.0,0.0,0.0,0.0,0.0,0.0
20201126,307_m_hait_2000,300160,300160.SZ,秀强股份,0,0,0.0,0.0,0.0,0.0,0.0,0.0,0.0
20201126,307_m_hait_2000,300162,300162.SZ,雷曼光电,0,0,0.0,0.0,0.0,0.0,0.0,0.0,0.0
20201126,307_m_hait_2000,300163,300163.SZ,先锋新材,0,0,0.0,0.0,0.0,0.0,0.0,0.0,0.0
20201126,307_m_hait_2000,300164,300164.SZ,通源石油,0,0,0.0,0.0,0.0,0.0,0.0,0.0,0.0
20201126,307_m_hait_2000,300167,300167.SZ,迪威迅,0,0,0.0,0.0,0.0,0.0,0.0,0.0,0.0
20201126,307_m_hait_2000,300172,300172.SZ,中电环保,0,0,0.0,0.0,0.0,0.0,0.0,0.0,0.0
20201126,307_m_hait_2000,300173,300173.SZ,福能东方,0,0,0.0,0.0,0.0,0.0,0.0,0.0,0.0
20201126,307_m_hait_2000,300176,300176.SZ,派生科技,0,0,0.0,0.0,0.0,0.0,0.0,0.0,0.0
20201126,307_m_hait_2000,300177,300177.SZ,中海达,12400,1,0.0,0.0,0.0,0.0,0.0,0.0,12400.0
20201126,307_m_hait_2000,300178,300178.SZ,腾邦国际,0,0,0.0,0.0,0.0,0.0,0.0,0.0,0.0
20201126,307_m_hait_2000,300179,300179.SZ,四方达,0,0,0.0,0.0,0.0,0.0,0.0,0.0,0.0
20201126,307_m_hait_2000,300181,300181.SZ,佐力药业,0,0,0.0,0.0,0.0,0.0,0.0,0.0,0.0
20201126,307_m_hait_2000,300185,300185.SZ,通裕重工,0,0,0.0,0.0,0.0,0.0,0.0,0.0,0.0
20201126,307_m_hait_2000,300187,300187.SZ,永清环保,0,0,0.0,0.0,0.0,0.0,0.0,0.0,0.0
20201126,307_m_hait_2000,300189,300189.SZ,神农科技,28400,1,0.0,0.0,0.0,0.0,0.0,0.0,28400.0
20201126,307_m_hait_2000,300191,300191.SZ,潜能恒信,7200,1,0.0,0.0,0.0,0.0,0.0,0.0,7200.0
20201126,307_m_hait_2000,300199,300199.SZ,翰宇药业,19800,1,0.0,0.0,0.0,0.0,0.0,0.0,19800.0
20201126,307_m_hait_2000,300201,300201.SZ,海伦哲,0,0,0.0,0.0,0.0,0.0,0.0,0.0,0.0
20201126,307_m_hait_2000,300203,300203.SZ,聚光科技,11600,1,0.0,0.0,0.0,0.0,0.0,0.0,11600.0
20201126,307_m_hait_2000,300205,300205.SZ,天喻信息,12200,1,0.0,0.0,0.0,0.0,0.0,0.0,12200.0
20201126,307_m_hait_2000,300208,300208.SZ,青岛中程,0,0,0.0,0.0,0.0,0.0,0.0,0.0,0.0
20201126,307_m_hait_2000,300210,300210.SZ,森远股份,0,0,0.0,0.0,0.0,0.0,0.0,0.0,0.0
20201126,307_m_hait_2000,300211,300211.SZ,亿通科技,0,0,0.0,0.0,0.0,0.0,0.0,0.0,0.0
20201126,307_m_hait_2000,300217,300217.SZ,东方电热,0,0,0.0,0.0,0.0,0.0,0.0,0.0,0.0
20201126,307_m_hait_2000,300218,300218.SZ,安利股份,0,0,0.0,0.0,0.0,0.0,0.0,0.0,0.0
20201126,307_m_hait_2000,300220,300220.SZ,金运激光,0,0,0.0,0.0,0.0,0.0,0.0,0.0,0.0
20201126,307_m_hait_2000,300221,300221.SZ,银禧科技,0,0,0.0,0.0,0.0,0.0,0.0,0.0,0.0
20201126,307_m_hait_2000,300222,300222.SZ,科大智能,11400,1,0.0,0.0,0.0,0.0,0.0,0.0,11400.0
20201126,307_m_hait_2000,300223,300223.SZ,北京君正,1400,1,0.0,0.0,0.0,0.0,0.0,0.0,1400.0
20201126,307_m_hait_2000,300224,300224.SZ,正海磁材,0,0,0.0,0.0,0.0,0.0,0.0,0.0,0.0
20201126,307_m_hait_2000,300225,300225.SZ,金力泰,0,0,0.0,0.0,0.0,0.0,0.0,0.0,0.0
20201126,307_m_hait_2000,300228,300228.SZ,富瑞特装,0,0,0.0,0.0,0.0,0.0,0.0,0.0,0.0
20201126,307_m_hait_2000,300236,300236.SZ,上海新阳,2600,1,0.0,0.0,0.0,0.0,0.0,0.0,2600.0
20201126,307_m_hait_2000,300237,300237.SZ,美晨生态,0,1,0.0,0.0,0.0,0.0,0.0,0.0,0.0
20201126,307_m_hait_2000,300238,300238.SZ,冠昊生物,0,0,0.0,0.0,0.0,0.0,0.0,0.0,0.0
20201126,307_m_hait_2000,300239,300239.SZ,东宝生物,0,0,0.0,0.0,0.0,0.0,0.0,0.0,0.0
20201126,307_m_hait_2000,300240,300240.SZ,飞力达,0,0,0.0,0.0,0.0,0.0,0.0,0.0,0.0
20201126,307_m_hait_2000,300241,300241.SZ,瑞丰光电,0,0,0.0,0.0,0.0,0.0,0.0,0.0,0.0
20201126,307_m_hait_2000,300242,300242.SZ,佳云科技,0,0,0.0,0.0,0.0,0.0,0.0,0.0,0.0
20201126,307_m_hait_2000,300243,300243.SZ,瑞丰高材,0,0,0.0,0.0,0.0,0.0,0.0,0.0,0.0
20201126,307_m_hait_2000,300247,300247.SZ,融捷健康,0,0,0.0,0.0,0.0,0.0,0.0,0.0,0.0
20201126,307_m_hait_2000,300248,300248.SZ,新开普,0,0,0.0,0.0,0.0,0.0,0.0,0.0,0.0
20201126,307_m_hait_2000,300249,300249.SZ,依米康,0,0,0.0,0.0,0.0,0.0,0.0,0.0,0.0
20201126,307_m_hait_2000,300252,300252.SZ,金信诺,0,0,0.0,0.0,0.0,0.0,0.0,0.0,0.0
20201126,307_m_hait_2000,300254,300254.SZ,仟源医药,0,0,0.0,0.0,0.0,0.0,0.0,0.0,0.0
20201126,307_m_hait_2000,300258,300258.SZ,精锻科技,0,0,0.0,0.0,0.0,0.0,0.0,0.0,0.0
20201126,307_m_hait_2000,300262,300262.SZ,巴安水务,0,0,0.0,0.0,0.0,0.0,0.0,0.0,0.0
20201126,307_m_hait_2000,300265,300265.SZ,通光线缆,0,0,0.0,0.0,0.0,0.0,0.0,0.0,0.0
20201126,307_m_hait_2000,300268,300268.SZ,佳沃股份,0,0,0.0,0.0,0.0,0.0,0.0,0.0,0.0
20201126,307_m_hait_2000,300269,300269.SZ,联建光电,0,0,0.0,0.0,0.0,0.0,0.0,0.0,0.0
20201126,307_m_hait_2000,300270,300270.SZ,中威电子,0,0,0.0,0.0,0.0,0.0,0.0,0.0,0.0
20201126,307_m_hait_2000,300272,300272.SZ,开能健康,0,0,0.0,0.0,0.0,0.0,0.0,0.0,0.0
20201126,307_m_hait_2000,300274,300274.SZ,阳光电源,3000,1,0.0,0.0,2800.0,0.0,0.0,0.0,200.0
20201126,307_m_hait_2000,300276,300276.SZ,三丰智能,0,0,0.0,0.0,0.0,0.0,0.0,0.0,0.0
20201126,307_m_hait_2000,300278,300278.SZ,华昌达,0,0,0.0,0.0,0.0,0.0,0.0,0.0,0.0
20201126,307_m_hait_2000,300282,300282.SZ,三盛教育,0,0,0.0,0.0,0.0,0.0,0.0,0.0,0.0
20201126,307_m_hait_2000,300283,300283.SZ,温州宏丰,0,0,0.0,0.0,0.0,0.0,0.0,0.0,0.0
20201126,307_m_hait_2000,300286,300286.SZ,安科瑞,0,0,0.0,0.0,0.0,0.0,0.0,0.0,0.0
20201126,307_m_hait_2000,300287,300287.SZ,飞利信,28600,1,0.0,0.0,0.0,0.0,0.0,0.0,28600.0
20201126,307_m_hait_2000,300293,300293.SZ,蓝英装备,0,0,0.0,0.0,0.0,0.0,0.0,0.0,0.0
20201126,307_m_hait_2000,300297,300297.SZ,蓝盾股份,23800,1,0.0,0.0,0.0,0.0,0.0,0.0,23800.0
20201126,307_m_hait_2000,300299,300299.SZ,富春股份,17600,1,0.0,0.0,0.0,0.0,0.0,0.0,17600.0
20201126,307_m_hait_2000,300300,300300.SZ,海峡创新,24000,1,0.0,0.0,0.0,0.0,0.0,0.0,24000.0
20201126,307_m_hait_2000,300301,300301.SZ,长方集团,0,0,0.0,0.0,0.0,0.0,0.0,0.0,0.0
20201126,307_m_hait_2000,300302,300302.SZ,同有科技,12200,1,0.0,0.0,0.0,0.0,0.0,0.0,12200.0
20201126,307_m_hait_2000,300304,300304.SZ,云意电气,0,0,0.0,0.0,0.0,0.0,0.0,0.0,0.0
20201126,307_m_hait_2000,300306,300306.SZ,远方信息,0,0,0.0,0.0,0.0,0.0,0.0,0.0,0.0
20201126,307_m_hait_2000,300309,300309.SZ,吉艾科技,0,0,0.0,0.0,0.0,0.0,0.0,0.0,0.0
20201126,307_m_hait_2000,300311,300311.SZ,任子行,20600,1,0.0,0.0,0.0,0.0,0.0,0.0,20600.0
20201126,307_m_hait_2000,300312,300312.SZ,邦讯技术,0,0,0.0,0.0,0.0,0.0,0.0,0.0,0.0
20201126,307_m_hait_2000,300313,300313.SZ,天山生物,0,0,0.0,0.0,0.0,0.0,0.0,0.0,0.0
20201126,307_m_hait_2000,300314,300314.SZ,戴维医疗,0,0,0.0,0.0,0.0,0.0,0.0,0.0,0.0
20201126,307_m_hait_2000,300317,300317.SZ,珈伟新能,0,0,0.0,0.0,0.0,0.0,0.0,0.0,0.0
20201126,307_m_hait_2000,300318,300318.SZ,博晖创新,0,0,0.0,0.0,0.0,0.0,0.0,0.0,0.0
20201126,307_m_hait_2000,300321,300321.SZ,同大股份,0,0,0.0,0.0,0.0,0.0,0.0,0.0,0.0
20201126,307_m_hait_2000,300323,300323.SZ,华灿光电,0,0,0.0,0.0,0.0,0.0,0.0,0.0,0.0
20201126,307_m_hait_2000,300325,300325.SZ,德威新材,0,0,0.0,0.0,0.0,0.0,0.0,0.0,0.0
20201126,307_m_hait_2000,300326,300326.SZ,凯利泰,10000,1,0.0,0.0,0.0,0.0,0.0,0.0,10000.0
20201126,307_m_hait_2000,300329,300329.SZ,海伦钢琴,0,0,0.0,0.0,0.0,0.0,0.0,0.0,0.0
20201126,307_m_hait_2000,300333,300333.SZ,兆日科技,12800,1,0.0,0.0,0.0,0.0,0.0,0.0,12800.0
20201126,307_m_hait_2000,300334,300334.SZ,津膜科技,0,0,0.0,0.0,0.0,0.0,0.0,0.0,0.0
20201126,307_m_hait_2000,300336,300336.SZ,新文化,0,0,0.0,0.0,0.0,0.0,0.0,0.0,0.0
20201126,307_m_hait_2000,300337,300337.SZ,银邦股份,0,0,0.0,0.0,0.0,0.0,0.0,0.0,0.0
20201126,307_m_hait_2000,300340,300340.SZ,科恒股份,0,0,0.0,0.0,0.0,0.0,0.0,0.0,0.0
20201126,307_m_hait_2000,300343,300343.SZ,联创股份,0,1,0.0,0.0,0.0,0.0,0.0,0.0,0.0
20201126,307_m_hait_2000,300344,300344.SZ,太空智造,0,0,0.0,0.0,0.0,0.0,0.0,0.0,0.0
20201126,307_m_hait_2000,300346,300346.SZ,南大光电,4200,1,0.0,0.0,0.0,0.0,0.0,0.0,4200.0
20201126,307_m_hait_2000,300350,300350.SZ,华鹏飞,0,0,0.0,0.0,0.0,0.0,0.0,0.0,0.0
20201126,307_m_hait_2000,300353,300353.SZ,东土科技,13800,1,0.0,0.0,0.0,0.0,0.0,0.0,13800.0
20201126,307_m_hait_2000,300356,300356.SZ,光一科技,24600,1,0.0,0.0,0.0,0.0,0.0,0.0,24600.0
20201126,307_m_hait_2000,300364,300364.SZ,中文在线,0,0,0.0,0.0,0.0,0.0,0.0,0.0,0.0
20201126,307_m_hait_2000,300367,300367.SZ,ST网力,0,0,0.0,0.0,0.0,0.0,0.0,0.0,0.0
20201126,307_m_hait_2000,300368,300368.SZ,汇金股份,0,0,0.0,0.0,0.0,0.0,0.0,0.0,0.0
20201126,307_m_hait_2000,300370,300370.SZ,安控科技,0,1,0.0,0.0,0.0,0.0,0.0,0.0,0.0
20201126,307_m_hait_2000,300375,300375.SZ,鹏翎股份,0,0,0.0,0.0,0.0,0.0,0.0,0.0,0.0
20201126,307_m_hait_2000,300376,300376.SZ,易事特,0,0,0.0,0.0,0.0,0.0,0.0,0.0,0.0
20201126,307_m_hait_2000,300377,300377.SZ,赢时胜,15800,1,0.0,0.0,0.0,0.0,0.0,0.0,15800.0
20201126,307_m_hait_2000,300378,300378.SZ,鼎捷软件,5200,1,0.0,0.0,0.0,0.0,0.0,0.0,5200.0
20201126,307_m_hait_2000,300380,300380.SZ,安硕信息,0,0,0.0,0.0,0.0,0.0,0.0,0.0,0.0
20201126,307_m_hait_2000,300385,300385.SZ,雪浪环境,0,0,0.0,0.0,0.0,0.0,0.0,0.0,0.0
20201126,307_m_hait_2000,300387,300387.SZ,富邦股份,0,0,0.0,0.0,0.0,0.0,0.0,0.0,0.0
20201126,307_m_hait_2000,300389,300389.SZ,艾比森,0,0,0.0,0.0,0.0,0.0,0.0,0.0,0.0
20201126,307_m_hait_2000,300391,300391.SZ,康跃科技,0,0,0.0,0.0,0.0,0.0,0.0,0.0,0.0
20201126,307_m_hait_2000,300392,300392.SZ,腾信股份,0,0,0.0,0.0,0.0,0.0,0.0,0.0,0.0
20201126,307_m_hait_2000,300395,300395.SZ,菲利华,0,0,0.0,0.0,0.0,0.0,0.0,0.0,0.0
20201126,307_m_hait_2000,300399,300399.SZ,京天利,0,0,0.0,0.0,0.0,0.0,0.0,0.0,0.0
20201126,307_m_hait_2000,300400,300400.SZ,劲拓股份,0,0,0.0,0.0,0.0,0.0,0.0,0.0,0.0
20201126,307_m_hait_2000,300402,300402.SZ,宝色股份,0,0,0.0,0.0,0.0,0.0,0.0,0.0,0.0
20201126,307_m_hait_2000,300403,300403.SZ,汉宇集团,0,0,0.0,0.0,0.0,0.0,0.0,0.0,0.0
20201126,307_m_hait_2000,300405,300405.SZ,科隆股份,0,0,0.0,0.0,0.0,0.0,0.0,0.0,0.0
20201126,307_m_hait_2000,300410,300410.SZ,正业科技,0,0,0.0,0.0,0.0,0.0,0.0,0.0,0.0
20201126,307_m_hait_2000,300411,300411.SZ,金盾股份,0,0,0.0,0.0,0.0,0.0,0.0,0.0,0.0
20201126,307_m_hait_2000,300412,300412.SZ,迦南科技,0,0,0.0,0.0,0.0,0.0,0.0,0.0,0.0
20201126,307_m_hait_2000,300414,300414.SZ,中光防雷,10400,1,0.0,0.0,0.0,0.0,0.0,0.0,10400.0
20201126,307_m_hait_2000,300415,300415.SZ,伊之密,0,0,0.0,0.0,0.0,0.0,0.0,0.0,0.0
20201126,307_m_hait_2000,300419,300419.SZ,浩丰科技,0,0,0.0,0.0,0.0,0.0,0.0,0.0,0.0
20201126,307_m_hait_2000,300424,300424.SZ,航新科技,0,0,0.0,0.0,0.0,0.0,0.0,0.0,0.0
20201126,307_m_hait_2000,300430,300430.SZ,诚益通,0,0,0.0,0.0,0.0,0.0,0.0,0.0,0.0
20201126,307_m_hait_2000,300432,300432.SZ,富临精工,0,0,0.0,0.0,0.0,0.0,0.0,0.0,0.0
20201126,307_m_hait_2000,300435,300435.SZ,中泰股份,0,0,0.0,0.0,0.0,0.0,0.0,0.0,0.0
20201126,307_m_hait_2000,300437,300437.SZ,清水源,0,0,0.0,0.0,0.0,0.0,0.0,0.0,0.0
20201126,307_m_hait_2000,300438,300438.SZ,鹏辉能源,0,0,0.0,0.0,0.0,0.0,0.0,0.0,0.0
20201126,307_m_hait_2000,300442,300442.SZ,普丽盛,0,0,0.0,0.0,0.0,0.0,0.0,0.0,0.0
20201126,307_m_hait_2000,300444,300444.SZ,双杰电气,0,0,0.0,0.0,0.0,0.0,0.0,0.0,0.0
20201126,307_m_hait_2000,300446,300446.SZ,ST乐凯,0,0,0.0,0.0,0.0,0.0,0.0,0.0,0.0
20201126,307_m_hait_2000,300460,300460.SZ,惠伦晶体,0,0,0.0,0.0,0.0,0.0,0.0,0.0,0.0
20201126,307_m_hait_2000,300464,300464.SZ,星徽精密,0,0,0.0,0.0,0.0,0.0,0.0,0.0,0.0
20201126,307_m_hait_2000,300466,300466.SZ,赛摩智能,0,0,0.0,0.0,0.0,0.0,0.0,0.0,0.0
20201126,307_m_hait_2000,300467,300467.SZ,迅游科技,0,0,0.0,0.0,0.0,0.0,0.0,0.0,0.0
20201126,307_m_hait_2000,300469,300469.SZ,信息发展,0,0,0.0,0.0,0.0,0.0,0.0,0.0,0.0
20201126,307_m_hait_2000,300471,300471.SZ,厚普股份,10400,1,0.0,0.0,0.0,0.0,0.0,0.0,10400.0
20201126,307_m_hait_2000,300472,300472.SZ,新元科技,0,0,0.0,0.0,0.0,0.0,0.0,0.0,0.0
20201126,307_m_hait_2000,300478,300478.SZ,杭州高新,0,0,0.0,0.0,0.0,0.0,0.0,0.0,0.0
20201126,307_m_hait_2000,300484,300484.SZ,蓝海华腾,0,0,0.0,0.0,0.0,0.0,0.0,0.0,0.0
20201126,307_m_hait_2000,300489,300489.SZ,中飞股份,0,0,0.0,0.0,0.0,0.0,0.0,0.0,0.0
20201126,307_m_hait_2000,300490,300490.SZ,华自科技,0,0,0.0,0.0,0.0,0.0,0.0,0.0,0.0
20201126,307_m_hait_2000,300491,300491.SZ,通合科技,0,0,0.0,0.0,0.0,0.0,0.0,0.0,0.0
20201126,307_m_hait_2000,300501,300501.SZ,海顺新材,0,0,0.0,0.0,0.0,0.0,0.0,0.0,0.0
20201126,307_m_hait_2000,300505,300505.SZ,川金诺,0,0,0.0,0.0,0.0,0.0,0.0,0.0,0.0
20201126,307_m_hait_2000,300506,300506.SZ,名家汇,0,0,0.0,0.0,0.0,0.0,0.0,0.0,0.0
20201126,307_m_hait_2000,300507,300507.SZ,苏奥传感,0,0,0.0,0.0,0.0,0.0,0.0,0.0,0.0
20201126,307_m_hait_2000,300508,300508.SZ,维宏股份,0,0,0.0,0.0,0.0,0.0,0.0,0.0,0.0
20201126,307_m_hait_2000,300509,300509.SZ,新美星,0,0,0.0,0.0,0.0,0.0,0.0,0.0,0.0
20201126,307_m_hait_2000,300510,300510.SZ,金冠股份,0,0,0.0,0.0,0.0,0.0,0.0,0.0,0.0
20201126,307_m_hait_2000,300514,300514.SZ,友讯达,0,0,0.0,0.0,0.0,0.0,0.0,0.0,0.0
20201126,307_m_hait_2000,300515,300515.SZ,三德科技,0,0,0.0,0.0,0.0,0.0,0.0,0.0,0.0
20201126,307_m_hait_2000,300518,300518.SZ,盛讯达,0,0,0.0,0.0,0.0,0.0,0.0,0.0,0.0
20201126,307_m_hait_2000,300526,300526.SZ,中潜股份,0,0,0.0,0.0,0.0,0.0,0.0,0.0,0.0
20201126,307_m_hait_2000,300528,300528.SZ,幸福蓝海,0,0,0.0,0.0,0.0,0.0,0.0,0.0,0.0
20201126,307_m_hait_2000,300534,300534.SZ,陇神戎发,0,0,0.0,0.0,0.0,0.0,0.0,0.0,0.0
20201126,307_m_hait_2000,300536,300536.SZ,农尚环境,0,0,0.0,0.0,0.0,0.0,0.0,0.0,0.0
20201126,307_m_hait_2000,300537,300537.SZ,广信材料,0,0,0.0,0.0,0.0,0.0,0.0,0.0,0.0
20201126,307_m_hait_2000,300538,300538.SZ,同益股份,0,0,0.0,0.0,0.0,0.0,0.0,0.0,0.0
20201126,307_m_hait_2000,300539,300539.SZ,横河模具,0,0,0.0,0.0,0.0,0.0,0.0,0.0,0.0
20201126,307_m_hait_2000,300540,300540.SZ,深冷股份,0,0,0.0,0.0,0.0,0.0,0.0,0.0,0.0
20201126,307_m_hait_2000,300549,300549.SZ,优德精密,0,0,0.0,0.0,0.0,0.0,0.0,0.0,0.0
20201126,307_m_hait_2000,300551,300551.SZ,古鳌科技,0,0,0.0,0.0,0.0,0.0,0.0,0.0,0.0
20201126,307_m_hait_2000,300554,300554.SZ,三超新材,0,0,0.0,0.0,0.0,0.0,0.0,0.0,0.0
20201126,307_m_hait_2000,300555,300555.SZ,路通视信,0,0,0.0,0.0,0.0,0.0,0.0,0.0,0.0
20201126,307_m_hait_2000,300556,300556.SZ,丝路视觉,0,0,0.0,0.0,0.0,0.0,0.0,0.0,0.0
20201126,307_m_hait_2000,300558,300558.SZ,贝达药业,1600,1,0.0,0.0,0.0,0.0,0.0,0.0,1600.0
20201126,307_m_hait_2000,300560,300560.SZ,中富通,0,0,0.0,0.0,0.0,0.0,0.0,0.0,0.0
20201126,307_m_hait_2000,300561,300561.SZ,汇金科技,7200,1,0.0,0.0,0.0,0.0,0.0,0.0,7200.0
20201126,307_m_hait_2000,300565,300565.SZ,科信技术,0,0,0.0,0.0,0.0,0.0,0.0,0.0,0.0
20201126,307_m_hait_2000,300569,300569.SZ,天能重工,0,0,0.0,0.0,0.0,0.0,0.0,0.0,0.0
20201126,307_m_hait_2000,300573,300573.SZ,兴齐眼药,0,0,0.0,0.0,0.0,0.0,0.0,0.0,0.0
20201126,307_m_hait_2000,300577,300577.SZ,开润股份,0,0,0.0,0.0,0.0,0.0,0.0,0.0,0.0
20201126,307_m_hait_2000,300581,300581.SZ,晨曦航空,0,0,0.0,0.0,0.0,0.0,0.0,0.0,0.0
20201126,307_m_hait_2000,300582,300582.SZ,英飞特,0,0,0.0,0.0,0.0,0.0,0.0,0.0,0.0
20201126,307_m_hait_2000,300584,300584.SZ,海辰药业,0,0,0.0,0.0,0.0,0.0,0.0,0.0,0.0
20201126,307_m_hait_2000,300585,300585.SZ,奥联电子,0,0,0.0,0.0,0.0,0.0,0.0,0.0,0.0
20201126,307_m_hait_2000,300586,300586.SZ,美联新材,0,0,0.0,0.0,0.0,0.0,0.0,0.0,0.0
20201126,307_m_hait_2000,300588,300588.SZ,熙菱信息,0,0,0.0,0.0,0.0,0.0,0.0,0.0,0.0
20201126,307_m_hait_2000,300589,300589.SZ,江龙船艇,0,0,0.0,0.0,0.0,0.0,0.0,0.0,0.0
20201126,307_m_hait_2000,300590,300590.SZ,移为通信,0,0,0.0,0.0,0.0,0.0,0.0,0.0,0.0
20201126,307_m_hait_2000,300591,300591.SZ,万里马,0,0,0.0,0.0,0.0,0.0,0.0,0.0,0.0
20201126,307_m_hait_2000,300592,300592.SZ,华凯创意,0,0,0.0,0.0,0.0,0.0,0.0,0.0,0.0
20201126,307_m_hait_2000,300597,300597.SZ,吉大通信,0,0,0.0,0.0,0.0,0.0,0.0,0.0,0.0
20201126,307_m_hait_2000,300600,300600.SZ,国瑞科技,0,0,0.0,0.0,0.0,0.0,0.0,0.0,0.0
20201126,307_m_hait_2000,300605,300605.SZ,恒锋信息,0,0,0.0,0.0,0.0,0.0,0.0,0.0,0.0
20201126,307_m_hait_2000,300606,300606.SZ,金太阳,0,0,0.0,0.0,0.0,0.0,0.0,0.0,0.0
20201126,307_m_hait_2000,300608,300608.SZ,思特奇,0,0,0.0,0.0,0.0,0.0,0.0,0.0,0.0
20201126,307_m_hait_2000,300610,300610.SZ,晨化股份,0,0,0.0,0.0,0.0,0.0,0.0,0.0,0.0
20201126,307_m_hait_2000,300611,300611.SZ,美力科技,0,0,0.0,0.0,0.0,0.0,0.0,0.0,0.0
20201126,307_m_hait_2000,300612,300612.SZ,宣亚国际,0,0,0.0,0.0,0.0,0.0,0.0,0.0,0.0
20201126,307_m_hait_2000,300613,300613.SZ,富瀚微,0,0,0.0,0.0,0.0,0.0,0.0,0.0,0.0
20201126,307_m_hait_2000,300615,300615.SZ,欣天科技,0,0,0.0,0.0,0.0,0.0,0.0,0.0,0.0
20201126,307_m_hait_2000,300619,300619.SZ,金银河,0,0,0.0,0.0,0.0,0.0,0.0,0.0,0.0
20201126,307_m_hait_2000,300621,300621.SZ,维业股份,0,0,0.0,0.0,0.0,0.0,0.0,0.0,0.0
20201126,307_m_hait_2000,300623,300623.SZ,捷捷微电,0,0,0.0,0.0,0.0,0.0,0.0,0.0,0.0
20201126,307_m_hait_2000,300626,300626.SZ,华瑞股份,0,0,0.0,0.0,0.0,0.0,0.0,0.0,0.0
20201126,307_m_hait_2000,300629,300629.SZ,新劲刚,0,0,0.0,0.0,0.0,0.0,0.0,0.0,0.0
20201126,307_m_hait_2000,300635,300635.SZ,中达安,0,0,0.0,0.0,0.0,0.0,0.0,0.0,0.0
20201126,307_m_hait_2000,300637,300637.SZ,扬帆新材,0,0,0.0,0.0,0.0,0.0,0.0,0.0,0.0
20201126,307_m_hait_2000,300641,300641.SZ,正丹股份,0,0,0.0,0.0,0.0,0.0,0.0,0.0,0.0
20201126,307_m_hait_2000,300643,300643.SZ,万通智控,0,0,0.0,0.0,0.0,0.0,0.0,0.0,0.0
20201126,307_m_hait_2000,300644,300644.SZ,南京聚隆,0,0,0.0,0.0,0.0,0.0,0.0,0.0,0.0
20201126,307_m_hait_2000,300645,300645.SZ,正元智慧,0,0,0.0,0.0,0.0,0.0,0.0,0.0,0.0
20201126,307_m_hait_2000,300647,300647.SZ,超频三,0,0,0.0,0.0,0.0,0.0,0.0,0.0,0.0
20201126,307_m_hait_2000,300648,300648.SZ,星云股份,0,0,0.0,0.0,0.0,0.0,0.0,0.0,0.0
20201126,307_m_hait_2000,300650,300650.SZ,太龙照明,0,0,0.0,0.0,0.0,0.0,0.0,0.0,0.0
20201126,307_m_hait_2000,300656,300656.SZ,民德电子,0,0,0.0,0.0,0.0,0.0,0.0,0.0,0.0
20201126,307_m_hait_2000,300658,300658.SZ,延江股份,0,0,0.0,0.0,0.0,0.0,0.0,0.0,0.0
20201126,307_m_hait_2000,300661,300661.SZ,圣邦股份,400,1,0.0,0.0,0.0,0.0,0.0,0.0,400.0
20201126,307_m_hait_2000,300666,300666.SZ,江丰电子,2800,1,0.0,0.0,2800.0,0.0,0.0,0.0,0.0
20201126,307_m_hait_2000,300667,300667.SZ,必创科技,0,0,0.0,0.0,0.0,0.0,0.0,0.0,0.0
20201126,307_m_hait_2000,300668,300668.SZ,杰恩设计,0,0,0.0,0.0,0.0,0.0,0.0,0.0,0.0
20201126,307_m_hait_2000,300670,300670.SZ,大烨智能,0,0,0.0,0.0,0.0,0.0,0.0,0.0,0.0
20201126,307_m_hait_2000,300671,300671.SZ,富满电子,0,0,0.0,0.0,0.0,0.0,0.0,0.0,0.0
20201126,307_m_hait_2000,300677,300677.SZ,英科医疗,0,0,0.0,0.0,0.0,0.0,0.0,0.0,0.0
20201126,307_m_hait_2000,300678,300678.SZ,中科信息,0,0,0.0,0.0,0.0,0.0,0.0,0.0,0.0
20201126,307_m_hait_2000,300681,300681.SZ,英搏尔,0,0,0.0,0.0,0.0,0.0,0.0,0.0,0.0
20201126,307_m_hait_2000,300688,300688.SZ,创业黑马,0,0,0.0,0.0,0.0,0.0,0.0,0.0,0.0
20201126,307_m_hait_2000,300689,300689.SZ,澄天伟业,0,0,0.0,0.0,0.0,0.0,0.0,0.0,0.0
20201126,307_m_hait_2000,300693,300693.SZ,盛弘股份,0,0,0.0,0.0,0.0,0.0,0.0,0.0,0.0
20201126,307_m_hait_2000,300694,300694.SZ,蠡湖股份,0,0,0.0,0.0,0.0,0.0,0.0,0.0,0.0
20201126,307_m_hait_2000,300697,300697.SZ,电工合金,0,0,0.0,0.0,0.0,0.0,0.0,0.0,0.0
20201126,307_m_hait_2000,300698,300698.SZ,万马科技,0,0,0.0,0.0,0.0,0.0,0.0,0.0,0.0
20201126,307_m_hait_2000,300700,300700.SZ,岱勒新材,0,0,0.0,0.0,0.0,0.0,0.0,0.0,0.0
20201126,307_m_hait_2000,300706,300706.SZ,阿石创,0,0,0.0,0.0,0.0,0.0,0.0,0.0,0.0
20201126,307_m_hait_2000,300707,300707.SZ,威唐工业,0,0,0.0,0.0,0.0,0.0,0.0,0.0,0.0
20201126,307_m_hait_2000,300708,300708.SZ,聚灿光电,0,0,0.0,0.0,0.0,0.0,0.0,0.0,0.0
20201126,307_m_hait_2000,300709,300709.SZ,精研科技,0,0,0.0,0.0,0.0,0.0,0.0,0.0,0.0
20201126,307_m_hait_2000,300710,300710.SZ,万隆光电,0,0,0.0,0.0,0.0,0.0,0.0,0.0,0.0
20201126,307_m_hait_2000,300711,300711.SZ,广哈通信,0,0,0.0,0.0,0.0,0.0,0.0,0.0,0.0
20201126,307_m_hait_2000,300712,300712.SZ,永福股份,0,0,0.0,0.0,0.0,0.0,0.0,0.0,0.0
20201126,307_m_hait_2000,300713,300713.SZ,英可瑞,0,0,0.0,0.0,0.0,0.0,0.0,0.0,0.0
20201126,307_m_hait_2000,300716,300716.SZ,国立科技,0,0,0.0,0.0,0.0,0.0,0.0,0.0,0.0
20201126,307_m_hait_2000,300717,300717.SZ,华信新材,0,0,0.0,0.0,0.0,0.0,0.0,0.0,0.0
20201126,307_m_hait_2000,300718,300718.SZ,长盛轴承,0,0,0.0,0.0,0.0,0.0,0.0,0.0,0.0
20201126,307_m_hait_2000,300719,300719.SZ,安达维尔,0,0,0.0,0.0,0.0,0.0,0.0,0.0,0.0
20201126,307_m_hait_2000,300720,300720.SZ,海川智能,0,0,0.0,0.0,0.0,0.0,0.0,0.0,0.0
20201126,307_m_hait_2000,300721,300721.SZ,怡达股份,0,0,0.0,0.0,0.0,0.0,0.0,0.0,0.0
20201126,307_m_hait_2000,300722,300722.SZ,新余国科,0,0,0.0,0.0,0.0,0.0,0.0,0.0,0.0
20201126,307_m_hait_2000,300724,300724.SZ,捷佳伟创,0,0,0.0,0.0,0.0,0.0,0.0,0.0,0.0
20201126,307_m_hait_2000,300727,300727.SZ,润禾材料,0,0,0.0,0.0,0.0,0.0,0.0,0.0,0.0
20201126,307_m_hait_2000,300729,300729.SZ,乐歌股份,0,0,0.0,0.0,0.0,0.0,0.0,0.0,0.0
20201126,307_m_hait_2000,300730,300730.SZ,科创信息,0,0,0.0,0.0,0.0,0.0,0.0,0.0,0.0
20201126,307_m_hait_2000,300733,300733.SZ,西菱动力,0,0,0.0,0.0,0.0,0.0,0.0,0.0,0.0
20201126,307_m_hait_2000,300736,300736.SZ,百邦科技,0,0,0.0,0.0,0.0,0.0,0.0,0.0,0.0
20201126,307_m_hait_2000,300742,300742.SZ,越博动力,0,0,0.0,0.0,0.0,0.0,0.0,0.0,0.0
20201126,307_m_hait_2000,300743,300743.SZ,天地数码,0,0,0.0,0.0,0.0,0.0,0.0,0.0,0.0
20201126,307_m_hait_2000,300745,300745.SZ,欣锐科技,0,0,0.0,0.0,0.0,0.0,0.0,0.0,0.0
20201126,307_m_hait_2000,300749,300749.SZ,顶固集创,0,0,0.0,0.0,0.0,0.0,0.0,0.0,0.0
20201126,307_m_hait_2000,300751,300751.SZ,迈为股份,0,0,0.0,0.0,0.0,0.0,0.0,0.0,0.0
20201126,307_m_hait_2000,300752,300752.SZ,隆利科技,0,0,0.0,0.0,0.0,0.0,0.0,0.0,0.0
20201126,307_m_hait_2000,300758,300758.SZ,七彩化学,0,0,0.0,0.0,0.0,0.0,0.0,0.0,0.0
20201126,307_m_hait_2000,300769,300769.SZ,德方纳米,0,0,0.0,0.0,0.0,0.0,0.0,0.0,0.0
20201126,307_m_hait_2000,300776,300776.SZ,帝尔激光,0,0,0.0,0.0,0.0,0.0,0.0,0.0,0.0
20201126,307_m_hait_2000,300779,300779.SZ,惠城环保,0,0,0.0,0.0,0.0,0.0,0.0,0.0,0.0
20201126,307_m_hait_2000,300781,300781.SZ,因赛集团,0,0,0.0,0.0,0.0,0.0,0.0,0.0,0.0
20201126,307_m_hait_2000,300782,300782.SZ,卓胜微,0,1,10000.0,0.0,0.0,0.0,0.0,0.0,0.0
20201126,307_m_hait_2000,300795,300795.SZ,米奥会展,0,0,0.0,0.0,0.0,0.0,0.0,0.0,0.0
20201126,307_m_hait_2000,300796,300796.SZ,贝斯美,0,0,0.0,0.0,0.0,0.0,0.0,0.0,0.0
20201126,307_m_hait_2000,300797,300797.SZ,钢研纳克,0,0,0.0,0.0,0.0,0.0,0.0,0.0,0.0
20201126,307_m_hait_2000,300798,300798.SZ,锦鸡股份,0,0,0.0,0.0,0.0,0.0,0.0,0.0,0.0
20201126,307_m_hait_2000,300802,300802.SZ,矩子科技,0,0,0.0,0.0,0.0,0.0,0.0,0.0,0.0
20201126,307_m_hait_2000,300803,300803.SZ,指南针,0,0,0.0,0.0,0.0,0.0,0.0,0.0,0.0
20201126,307_m_hait_2000,600006,600006.SH,东风汽车,21400,1,0.0,0.0,0.0,0.0,0.0,0.0,21400.0
20201126,307_m_hait_2000,600059,600059.SH,古越龙山,13200,1,0.0,0.0,0.0,0.0,0.0,0.0,13200.0
20201126,307_m_hait_2000,600076,600076.SH,康欣新材,0,1,0.0,0.0,0.0,0.0,0.0,0.0,0.0
20201126,307_m_hait_2000,600077,600077.SH,宋都股份,0,1,0.0,0.0,0.0,0.0,0.0,0.0,0.0
20201126,307_m_hait_2000,600083,600083.SH,*ST博信,0,0,0.0,0.0,0.0,0.0,0.0,0.0,0.0
20201126,307_m_hait_2000,600086,600086.SH,*ST金钰,0,0,0.0,0.0,0.0,0.0,0.0,0.0,0.0
20201126,307_m_hait_2000,600090,600090.SH,*ST济堂,0,0,0.0,0.0,0.0,0.0,0.0,0.0,0.0
20201126,307_m_hait_2000,600091,600091.SH,ST明科,0,0,0.0,0.0,0.0,0.0,0.0,0.0,0.0
20201126,307_m_hait_2000,600111,600111.SH,北方稀土,10600,1,0.0,32100.0,0.0,0.0,0.0,10600.0,0.0
20201126,307_m_hait_2000,600112,600112.SH,ST天成,0,0,0.0,0.0,0.0,0.0,0.0,0.0,0.0
20201126,307_m_hait_2000,600117,600117.SH,西宁特钢,0,0,0.0,0.0,0.0,0.0,0.0,0.0,0.0
20201126,307_m_hait_2000,600119,600119.SH,ST长投,0,0,0.0,0.0,0.0,0.0,0.0,0.0,0.0
20201126,307_m_hait_2000,600121,600121.SH,郑州煤电,0,0,0.0,0.0,0.0,0.0,0.0,0.0,0.0
20201126,307_m_hait_2000,600122,600122.SH,*ST宏图,0,0,0.0,0.0,0.0,0.0,0.0,0.0,0.0
20201126,307_m_hait_2000,600136,600136.SH,当代文体,19600,1,0.0,0.0,0.0,0.0,0.0,0.0,19600.0
20201126,307_m_hait_2000,600139,600139.SH,西部资源,0,1,0.0,0.0,0.0,0.0,0.0,0.0,0.0
20201126,307_m_hait_2000,600146,600146.SH,*ST环球,0,0,0.0,0.0,0.0,0.0,0.0,0.0,0.0
20201126,307_m_hait_2000,600151,600151.SH,航天机电,19600,1,0.0,0.0,0.0,0.0,0.0,0.0,19600.0
20201126,307_m_hait_2000,600157,600157.SH,*ST永泰,0,0,0.0,0.0,0.0,0.0,0.0,0.0,0.0
20201126,307_m_hait_2000,600158,600158.SH,中体产业,10600,1,0.0,0.0,0.0,0.0,0.0,0.0,10600.0
20201126,307_m_hait_2000,600165,600165.SH,新日恒力,0,0,0.0,0.0,0.0,0.0,0.0,0.0,0.0
20201126,307_m_hait_2000,600166,600166.SH,福田汽车,0,1,0.0,0.0,0.0,0.0,0.0,0.0,0.0
20201126,307_m_hait_2000,600172,600172.SH,黄河旋风,0,1,0.0,0.0,0.0,0.0,0.0,0.0,0.0
20201126,307_m_hait_2000,600178,600178.SH,东安动力,0,0,0.0,0.0,0.0,0.0,0.0,0.0,0.0
20201126,307_m_hait_2000,600182,600182.SH,S佳通,0,0,0.0,0.0,0.0,0.0,0.0,0.0,0.0
20201126,307_m_hait_2000,600187,600187.SH,国中水务,0,1,0.0,0.0,0.0,0.0,0.0,0.0,0.0
20201126,307_m_hait_2000,600189,600189.SH,泉阳泉,0,0,0.0,0.0,0.0,0.0,0.0,0.0,0.0
20201126,307_m_hait_2000,600193,600193.SH,ST创兴,0,0,0.0,0.0,0.0,0.0,0.0,0.0,0.0
20201126,307_m_hait_2000,600197,600197.SH,伊力特,5800,1,0.0,0.0,0.0,0.0,0.0,0.0,5800.0
20201126,307_m_hait_2000,600199,600199.SH,金种子酒,13400,1,0.0,0.0,0.0,0.0,0.0,0.0,13400.0
20201126,307_m_hait_2000,600203,600203.SH,福日电子,0,0,0.0,0.0,0.0,0.0,0.0,0.0,0.0
20201126,307_m_hait_2000,600220,600220.SH,江苏阳光,0,1,0.0,0.0,0.0,0.0,0.0,0.0,0.0
20201126,307_m_hait_2000,600225,600225.SH,*ST松江,0,0,0.0,0.0,0.0,0.0,0.0,0.0,0.0
20201126,307_m_hait_2000,600228,600228.SH,ST昌九,0,0,0.0,0.0,0.0,0.0,0.0,0.0,0.0
20201126,307_m_hait_2000,600230,600230.SH,沧州大化,14600,1,0.0,0.0,0.0,0.0,0.0,0.0,14600.0
20201126,307_m_hait_2000,600238,600238.SH,ST椰岛,0,0,0.0,0.0,0.0,0.0,0.0,0.0,0.0
20201126,307_m_hait_2000,600242,600242.SH,*ST中昌,0,0,0.0,0.0,0.0,0.0,0.0,0.0,0.0
20201126,307_m_hait_2000,600247,600247.SH,*ST成城,0,0,0.0,0.0,0.0,0.0,0.0,0.0,0.0
20201126,307_m_hait_2000,600255,600255.SH,*ST梦舟,0,0,0.0,0.0,0.0,0.0,0.0,0.0,0.0
20201126,307_m_hait_2000,600257,600257.SH,大湖股份,0,1,0.0,0.0,0.0,0.0,0.0,0.0,0.0
20201126,307_m_hait_2000,600258,600258.SH,首旅酒店,6200,1,0.0,0.0,0.0,0.0,0.0,0.0,6200.0
20201126,307_m_hait_2000,600275,600275.SH,ST昌鱼,0,0,0.0,0.0,0.0,0.0,0.0,0.0,0.0
20201126,307_m_hait_2000,600280,600280.SH,*ST中商,0,0,0.0,0.0,0.0,0.0,0.0,0.0,0.0
20201126,307_m_hait_2000,600289,600289.SH,*ST信通,0,0,0.0,0.0,0.0,0.0,0.0,0.0,0.0
20201126,307_m_hait_2000,600290,600290.SH,*ST华仪,0,0,0.0,0.0,0.0,0.0,0.0,0.0,0.0
20201126,307_m_hait_2000,600293,600293.SH,三峡新材,0,1,0.0,0.0,0.0,0.0,0.0,0.0,0.0
20201126,307_m_hait_2000,600300,600300.SH,维维股份,0,1,0.0,0.0,0.0,0.0,0.0,0.0,0.0
20201126,307_m_hait_2000,600303,600303.SH,曙光股份,28400,1,0.0,0.0,0.0,0.0,0.0,0.0,28400.0
20201126,307_m_hait_2000,600306,600306.SH,*ST商城,0,0,0.0,0.0,0.0,0.0,0.0,0.0,0.0
20201126,307_m_hait_2000,600319,600319.SH,ST亚星,0,0,0.0,0.0,0.0,0.0,0.0,0.0,0.0
20201126,307_m_hait_2000,600321,600321.SH,正源股份,0,0,0.0,0.0,0.0,0.0,0.0,0.0,0.0
20201126,307_m_hait_2000,600331,600331.SH,宏达股份,0,1,0.0,0.0,0.0,0.0,0.0,0.0,0.0
20201126,307_m_hait_2000,600336,600336.SH,澳柯玛,17600,1,0.0,0.0,0.0,0.0,0.0,0.0,17600.0
20201126,307_m_hait_2000,600338,600338.SH,西藏珠峰,0,0,0.0,0.0,0.0,0.0,0.0,0.0,0.0
20201126,307_m_hait_2000,600355,600355.SH,精伦电子,0,0,0.0,0.0,0.0,0.0,0.0,0.0,0.0
20201126,307_m_hait_2000,600363,600363.SH,联创光电,5400,1,0.0,0.0,0.0,0.0,0.0,0.0,5400.0
20201126,307_m_hait_2000,600365,600365.SH,ST通葡,0,0,0.0,0.0,0.0,0.0,0.0,0.0,0.0
20201126,307_m_hait_2000,600375,600375.SH,华菱星马,17400,1,0.0,0.0,0.0,0.0,0.0,0.0,17400.0
20201126,307_m_hait_2000,600381,600381.SH,青海春天,0,0,0.0,0.0,0.0,0.0,0.0,0.0,0.0
20201126,307_m_hait_2000,600391,600391.SH,航发科技,6000,1,0.0,0.0,0.0,0.0,0.0,0.0,6000.0
20201126,307_m_hait_2000,600392,600392.SH,盛和资源,16400,1,0.0,0.0,0.0,0.0,0.0,0.0,16400.0
20201126,307_m_hait_2000,600396,600396.SH,金山股份,0,0,0.0,0.0,0.0,0.0,0.0,0.0,0.0
20201126,307_m_hait_2000,600397,600397.SH,安源煤业,0,0,0.0,0.0,0.0,0.0,0.0,0.0,0.0
20201126,307_m_hait_2000,600399,600399.SH,ST抚钢,0,0,0.0,0.0,0.0,0.0,0.0,0.0,0.0
20201126,307_m_hait_2000,600409,600409.SH,三友化工,15000,1,0.0,0.0,0.0,0.0,0.0,0.0,15000.0
20201126,307_m_hait_2000,600416,600416.SH,*ST湘电,0,0,0.0,0.0,0.0,0.0,0.0,0.0,0.0
20201126,307_m_hait_2000,600418,600418.SH,江淮汽车,14200,1,0.0,0.0,0.0,0.0,0.0,0.0,14200.0
20201126,307_m_hait_2000,600421,600421.SH,ST华嵘,0,0,0.0,0.0,0.0,0.0,0.0,0.0,0.0
20201126,307_m_hait_2000,600428,600428.SH,中远海特,0,1,0.0,0.0,0.0,0.0,0.0,0.0,0.0
20201126,307_m_hait_2000,600462,600462.SH,*ST九有,0,0,0.0,0.0,0.0,0.0,0.0,0.0,0.0
20201126,307_m_hait_2000,600467,600467.SH,好当家,0,1,0.0,0.0,0.0,0.0,0.0,0.0,0.0
20201126,307_m_hait_2000,600481,600481.SH,双良节能,0,1,0.0,0.0,0.0,0.0,0.0,0.0,0.0
20201126,307_m_hait_2000,600486,600486.SH,扬农化工,1200,1,20200.0,0.0,1200.0,0.0,0.0,0.0,0.0
20201126,307_m_hait_2000,600491,600491.SH,龙元建设,24200,1,0.0,0.0,0.0,0.0,0.0,0.0,24200.0
20201126,307_m_hait_2000,600505,600505.SH,西昌电力,0,0,0.0,0.0,0.0,0.0,0.0,0.0,0.0
20201126,307_m_hait_2000,600518,600518.SH,ST康美,0,0,0.0,0.0,0.0,0.0,0.0,0.0,0.0
20201126,307_m_hait_2000,600526,600526.SH,菲达环保,0,0,0.0,0.0,0.0,0.0,0.0,0.0,0.0
20201126,307_m_hait_2000,600527,600527.SH,江南高纤,0,0,0.0,0.0,0.0,0.0,0.0,0.0,0.0
20201126,307_m_hait_2000,600531,600531.SH,豫光金铅,25600,1,16000.0,0.0,24000.0,0.0,1600.0,0.0,0.0
20201126,307_m_hait_2000,600532,600532.SH,宏达矿业,11600,1,0.0,0.0,0.0,0.0,0.0,0.0,11600.0
20201126,307_m_hait_2000,600543,600543.SH,莫高股份,17800,1,0.0,0.0,0.0,0.0,0.0,0.0,17800.0
20201126,307_m_hait_2000,600555,600555.SH,*ST海创,0,0,0.0,0.0,0.0,0.0,0.0,0.0,0.0
20201126,307_m_hait_2000,600559,600559.SH,老白干酒,7400,1,0.0,0.0,0.0,0.0,0.0,0.0,7400.0
20201126,307_m_hait_2000,600573,600573.SH,惠泉啤酒,0,0,0.0,0.0,0.0,0.0,0.0,0.0,0.0
20201126,307_m_hait_2000,600586,600586.SH,金晶科技,0,0,0.0,0.0,0.0,0.0,0.0,0.0,0.0
20201126,307_m_hait_2000,600589,600589.SH,广东榕泰,0,0,0.0,0.0,0.0,0.0,0.0,0.0,0.0
20201126,307_m_hait_2000,600595,600595.SH,ST中孚,0,0,0.0,0.0,0.0,0.0,0.0,0.0,0.0
20201126,307_m_hait_2000,600596,600596.SH,新安股份,9600,1,0.0,0.0,0.0,0.0,0.0,0.0,9600.0
20201126,307_m_hait_2000,600599,600599.SH,*ST熊猫,0,0,0.0,0.0,0.0,0.0,0.0,0.0,0.0
20201126,307_m_hait_2000,600609,600609.SH,金杯汽车,25400,1,0.0,0.0,0.0,0.0,0.0,0.0,25400.0
20201126,307_m_hait_2000,600613,600613.SH,神奇制药,0,0,0.0,0.0,0.0,0.0,0.0,0.0,0.0
20201126,307_m_hait_2000,600616,600616.SH,金枫酒业,20200,1,0.0,0.0,0.0,0.0,0.0,0.0,20200.0
20201126,307_m_hait_2000,600652,600652.SH,ST游久,0,0,0.0,0.0,0.0,0.0,0.0,0.0,0.0
20201126,307_m_hait_2000,600653,600653.SH,申华控股,0,1,0.0,0.0,0.0,0.0,0.0,0.0,0.0
20201126,307_m_hait_2000,600654,600654.SH,ST中安,0,0,0.0,0.0,0.0,0.0,0.0,0.0,0.0
20201126,307_m_hait_2000,600661,600661.SH,昂立教育,9800,1,0.0,0.0,0.0,0.0,0.0,0.0,9800.0
20201126,307_m_hait_2000,600666,600666.SH,ST瑞德,0,0,0.0,0.0,0.0,0.0,0.0,0.0,0.0
20201126,307_m_hait_2000,600671,600671.SH,*ST目药,0,0,0.0,0.0,0.0,0.0,0.0,0.0,0.0
20201126,307_m_hait_2000,600678,600678.SH,四川金顶,0,0,0.0,0.0,0.0,0.0,0.0,0.0,0.0
20201126,307_m_hait_2000,600679,600679.SH,上海凤凰,0,0,0.0,0.0,0.0,0.0,0.0,0.0,0.0
20201126,307_m_hait_2000,600686,600686.SH,金龙汽车,18000,1,0.0,0.0,0.0,0.0,0.0,0.0,18000.0
20201126,307_m_hait_2000,600687,600687.SH,*ST刚泰,0,0,0.0,0.0,0.0,0.0,0.0,0.0,0.0
20201126,307_m_hait_2000,600689,600689.SH,上海三毛,0,0,0.0,0.0,0.0,0.0,0.0,0.0,0.0
20201126,307_m_hait_2000,600695,600695.SH,绿庭投资,22400,1,0.0,0.0,0.0,0.0,0.0,0.0,22400.0
20201126,307_m_hait_2000,600696,600696.SH,ST岩石,0,0,0.0,0.0,0.0,0.0,0.0,0.0,0.0
20201126,307_m_hait_2000,600702,600702.SH,ST舍得,0,0,0.0,0.0,0.0,0.0,0.0,0.0,0.0
20201126,307_m_hait_2000,600711,600711.SH,盛屯矿业,22400,1,0.0,0.0,0.0,0.0,0.0,0.0,22400.0
20201126,307_m_hait_2000,600721,600721.SH,ST百花,0,0,0.0,0.0,0.0,0.0,0.0,0.0,0.0
20201126,307_m_hait_2000,600722,600722.SH,金牛化工,0,1,0.0,0.0,0.0,0.0,0.0,0.0,0.0
20201126,307_m_hait_2000,600723,600723.SH,首商股份,0,0,0.0,0.0,0.0,0.0,0.0,0.0,0.0
20201126,307_m_hait_2000,600726,600726.SH,华电能源,0,0,0.0,0.0,0.0,0.0,0.0,0.0,0.0
20201126,307_m_hait_2000,600732,600732.SH,爱旭股份,0,0,0.0,0.0,0.0,0.0,0.0,0.0,0.0
20201126,307_m_hait_2000,600733,600733.SH,北汽蓝谷,17000,1,0.0,0.0,10000.0,0.0,0.0,0.0,7000.0
20201126,307_m_hait_2000,600734,600734.SH,*ST实达,0,0,0.0,0.0,0.0,0.0,0.0,0.0,0.0
20201126,307_m_hait_2000,600753,600753.SH,东方银星,0,0,0.0,0.0,0.0,0.0,0.0,0.0,0.0
20201126,307_m_hait_2000,600765,600765.SH,中航重机,8400,1,0.0,0.0,0.0,0.0,0.0,0.0,8400.0
20201126,307_m_hait_2000,600766,600766.SH,园城黄金,21200,1,0.0,0.0,0.0,0.0,0.0,0.0,21200.0
20201126,307_m_hait_2000,600774,600774.SH,汉商集团,0,0,0.0,0.0,0.0,0.0,0.0,0.0,0.0
20201126,307_m_hait_2000,600785,600785.SH,新华百货,0,0,0.0,0.0,0.0,0.0,0.0,0.0,0.0
20201126,307_m_hait_2000,600791,600791.SH,京能置业,0,0,0.0,0.0,0.0,0.0,0.0,0.0,0.0
20201126,307_m_hait_2000,600798,600798.SH,宁波海运,0,1,0.0,0.0,0.0,0.0,0.0,0.0,0.0
20201126,307_m_hait_2000,600807,600807.SH,济南高新,0,0,0.0,0.0,0.0,0.0,0.0,0.0,0.0
20201126,307_m_hait_2000,600810,600810.SH,神马股份,14400,1,0.0,0.0,0.0,0.0,0.0,0.0,14400.0
20201126,307_m_hait_2000,600816,600816.SH,*ST安信,0,0,0.0,0.0,0.0,0.0,0.0,0.0,0.0
20201126,307_m_hait_2000,600817,600817.SH,ST宏盛,0,0,0.0,0.0,0.0,0.0,0.0,0.0,0.0
20201126,307_m_hait_2000,600818,600818.SH,中路股份,0,0,0.0,0.0,0.0,0.0,0.0,0.0,0.0
20201126,307_m_hait_2000,600841,600841.SH,上柴股份,0,0,0.0,0.0,0.0,0.0,0.0,0.0,0.0
20201126,307_m_hait_2000,600844,600844.SH,丹化科技,0,0,0.0,0.0,0.0,0.0,0.0,0.0,0.0
20201126,307_m_hait_2000,600855,600855.SH,航天长峰,10400,1,0.0,0.0,0.0,0.0,0.0,0.0,10400.0
20201126,307_m_hait_2000,600856,600856.SH,*ST中天,0,0,0.0,0.0,0.0,0.0,0.0,0.0,0.0
20201126,307_m_hait_2000,600861,600861.SH,北京城乡,0,0,0.0,0.0,0.0,0.0,0.0,0.0,0.0
20201126,307_m_hait_2000,600870,600870.SH,ST厦华,0,0,0.0,0.0,0.0,0.0,0.0,0.0,0.0
20201126,307_m_hait_2000,600882,600882.SH,妙可蓝多,0,0,0.0,0.0,0.0,0.0,0.0,0.0,0.0
20201126,307_m_hait_2000,600890,600890.SH,中房股份,0,0,0.0,0.0,0.0,0.0,0.0,0.0,0.0
20201126,307_m_hait_2000,600898,600898.SH,*ST美讯,0,0,0.0,0.0,0.0,0.0,0.0,0.0,0.0
20201126,307_m_hait_2000,600960,600960.SH,渤海汽车,0,0,0.0,0.0,0.0,0.0,0.0,0.0,0.0
20201126,307_m_hait_2000,600978,600978.SH,*ST宜生,0,0,0.0,0.0,0.0,0.0,0.0,0.0,0.0
20201126,307_m_hait_2000,600979,600979.SH,广安爱众,0,0,0.0,0.0,0.0,0.0,0.0,0.0,0.0
20201126,307_m_hait_2000,600983,600983.SH,惠而浦,0,0,0.0,0.0,0.0,0.0,0.0,0.0,0.0
20201126,307_m_hait_2000,601008,601008.SH,连云港,0,1,0.0,0.0,0.0,0.0,0.0,0.0,0.0
20201126,307_m_hait_2000,601020,601020.SH,华钰矿业,13600,1,0.0,0.0,0.0,0.0,0.0,0.0,13600.0
20201126,307_m_hait_2000,601127,601127.SH,小康股份,7600,1,0.0,0.0,0.0,0.0,0.0,0.0,7600.0
20201126,307_m_hait_2000,601168,601168.SH,西部矿业,11600,1,0.0,0.0,0.0,0.0,0.0,0.0,11600.0
20201126,307_m_hait_2000,601216,601216.SH,君正集团,27600,1,0.0,0.0,0.0,0.0,0.0,0.0,27600.0
20201126,307_m_hait_2000,601388,601388.SH,怡球资源,0,1,0.0,0.0,0.0,0.0,0.0,0.0,0.0
20201126,307_m_hait_2000,601566,601566.SH,九牧王,10800,1,0.0,0.0,0.0,0.0,0.0,0.0,10800.0
20201126,307_m_hait_2000,601579,601579.SH,会稽山,0,0,0.0,0.0,0.0,0.0,0.0,0.0,0.0
20201126,307_m_hait_2000,601595,601595.SH,上海电影,0,0,0.0,0.0,0.0,0.0,0.0,0.0,0.0
20201126,307_m_hait_2000,601600,601600.SH,中国铝业,0,1,0.0,0.0,0.0,0.0,0.0,0.0,0.0
20201126,307_m_hait_2000,601636,601636.SH,旗滨集团,12400,1,0.0,0.0,0.0,0.0,0.0,0.0,12400.0
20201126,307_m_hait_2000,601866,601866.SH,中远海发,0,1,0.0,0.0,0.0,0.0,0.0,0.0,0.0
20201126,307_m_hait_2000,601899,601899.SH,紫金矿业,17400,1,0.0,173500.0,0.0,0.0,0.0,17400.0,0.0
20201126,307_m_hait_2000,601919,601919.SH,中远海控,14600,1,0.0,13000.0,400.0,0.0,0.0,13000.0,1200.0
20201126,307_m_hait_2000,601968,601968.SH,宝钢包装,0,0,0.0,0.0,0.0,0.0,0.0,0.0,0.0
20201126,307_m_hait_2000,603002,603002.SH,宏昌电子,0,0,0.0,0.0,0.0,0.0,0.0,0.0,0.0
20201126,307_m_hait_2000,603007,603007.SH,花王股份,0,0,0.0,0.0,0.0,0.0,0.0,0.0,0.0
20201126,307_m_hait_2000,603023,603023.SH,威帝股份,0,0,0.0,0.0,0.0,0.0,0.0,0.0,0.0
20201126,307_m_hait_2000,603032,603032.SH,德新交运,9600,1,0.0,0.0,0.0,0.0,0.0,0.0,9600.0
20201126,307_m_hait_2000,603055,603055.SH,台华新材,0,0,0.0,0.0,0.0,0.0,0.0,0.0,0.0
20201126,307_m_hait_2000,603063,603063.SH,禾望电气,0,0,0.0,0.0,0.0,0.0,0.0,0.0,0.0
20201126,307_m_hait_2000,603068,603068.SH,博通集成,0,0,0.0,0.0,0.0,0.0,0.0,0.0,0.0
20201126,307_m_hait_2000,603069,603069.SH,海汽集团,0,0,0.0,0.0,0.0,0.0,0.0,0.0,0.0
20201126,307_m_hait_2000,603076,603076.SH,乐惠国际,0,0,0.0,0.0,0.0,0.0,0.0,0.0,0.0
20201126,307_m_hait_2000,603083,603083.SH,剑桥科技,9200,1,0.0,0.0,0.0,0.0,0.0,0.0,9200.0
20201126,307_m_hait_2000,603103,603103.SH,横店影视,0,0,0.0,0.0,0.0,0.0,0.0,0.0,0.0
20201126,307_m_hait_2000,603113,603113.SH,金能科技,9000,1,0.0,0.0,0.0,0.0,0.0,0.0,9000.0
20201126,307_m_hait_2000,603123,603123.SH,翠微股份,0,0,0.0,0.0,0.0,0.0,0.0,0.0,0.0
20201126,307_m_hait_2000,603126,603126.SH,中材节能,0,0,0.0,0.0,0.0,0.0,0.0,0.0,0.0
20201126,307_m_hait_2000,603133,603133.SH,碳元科技,0,0,0.0,0.0,0.0,0.0,0.0,0.0,0.0
20201126,307_m_hait_2000,603136,603136.SH,天目湖,0,0,0.0,0.0,0.0,0.0,0.0,0.0,0.0
20201126,307_m_hait_2000,603157,603157.SH,*ST拉夏,0,0,0.0,0.0,0.0,0.0,0.0,0.0,0.0
20201126,307_m_hait_2000,603158,603158.SH,腾龙股份,0,0,0.0,0.0,0.0,0.0,0.0,0.0,0.0
20201126,307_m_hait_2000,603167,603167.SH,渤海轮渡,15200,1,0.0,0.0,0.0,0.0,0.0,0.0,15200.0
20201126,307_m_hait_2000,603177,603177.SH,德创环保,0,0,0.0,0.0,0.0,0.0,0.0,0.0,0.0
20201126,307_m_hait_2000,603179,603179.SH,新泉股份,0,0,0.0,0.0,0.0,0.0,0.0,0.0,0.0
20201126,307_m_hait_2000,603188,603188.SH,ST亚邦,0,0,0.0,0.0,0.0,0.0,0.0,0.0,0.0
20201126,307_m_hait_2000,603198,603198.SH,迎驾贡酒,4800,1,0.0,0.0,0.0,0.0,0.0,0.0,4800.0
20201126,307_m_hait_2000,603220,603220.SH,中贝通信,9600,1,0.0,0.0,0.0,0.0,0.0,0.0,9600.0
20201126,307_m_hait_2000,603232,603232.SH,格尔软件,0,0,0.0,0.0,0.0,0.0,0.0,0.0,0.0
20201126,307_m_hait_2000,603258,603258.SH,电魂网络,0,0,0.0,0.0,0.0,0.0,0.0,0.0,0.0
20201126,307_m_hait_2000,603268,603268.SH,松发股份,0,0,0.0,0.0,0.0,0.0,0.0,0.0,0.0
20201126,307_m_hait_2000,603277,603277.SH,银都股份,0,0,0.0,0.0,0.0,0.0,0.0,0.0,0.0
20201126,307_m_hait_2000,603299,603299.SH,苏盐井神,21600,1,0.0,0.0,0.0,0.0,0.0,0.0,21600.0
20201126,307_m_hait_2000,603311,603311.SH,金海高科,0,0,0.0,0.0,0.0,0.0,0.0,0.0,0.0
20201126,307_m_hait_2000,603319,603319.SH,湘油泵,0,0,0.0,0.0,0.0,0.0,0.0,0.0,0.0
20201126,307_m_hait_2000,603333,603333.SH,尚纬股份,0,0,0.0,0.0,0.0,0.0,0.0,0.0,0.0
20201126,307_m_hait_2000,603348,603348.SH,文灿股份,0,0,0.0,0.0,0.0,0.0,0.0,0.0,0.0
20201126,307_m_hait_2000,603396,603396.SH,金辰股份,0,0,0.0,0.0,0.0,0.0,0.0,0.0,0.0
20201126,307_m_hait_2000,603398,603398.SH,邦宝益智,0,0,0.0,0.0,0.0,0.0,0.0,0.0,0.0
20201126,307_m_hait_2000,603399,603399.SH,吉翔股份,24200,1,0.0,0.0,0.0,0.0,0.0,0.0,24200.0
20201126,307_m_hait_2000,603488,603488.SH,展鹏科技,0,0,0.0,0.0,0.0,0.0,0.0,0.0,0.0
20201126,307_m_hait_2000,603499,603499.SH,翔港科技,0,0,0.0,0.0,0.0,0.0,0.0,0.0,0.0
20201126,307_m_hait_2000,603518,603518.SH,锦泓集团,0,0,0.0,0.0,0.0,0.0,0.0,0.0,0.0
20201126,307_m_hait_2000,603533,603533.SH,掌阅科技,0,0,0.0,0.0,0.0,0.0,0.0,0.0,0.0
20201126,307_m_hait_2000,603536,603536.SH,惠发食品,0,0,0.0,0.0,0.0,0.0,0.0,0.0,0.0
20201126,307_m_hait_2000,603555,603555.SH,*ST贵人,0,0,0.0,0.0,0.0,0.0,0.0,0.0,0.0
20201126,307_m_hait_2000,603557,603557.SH,起步股份,0,0,0.0,0.0,0.0,0.0,0.0,0.0,0.0
20201126,307_m_hait_2000,603559,603559.SH,中通国脉,8200,1,0.0,0.0,0.0,0.0,0.0,0.0,8200.0
20201126,307_m_hait_2000,603569,603569.SH,长久物流,0,0,0.0,0.0,0.0,0.0,0.0,0.0,0.0
20201126,307_m_hait_2000,603600,603600.SH,永艺股份,0,0,0.0,0.0,0.0,0.0,0.0,0.0,0.0
20201126,307_m_hait_2000,603602,603602.SH,纵横通信,11600,1,0.0,0.0,0.0,0.0,0.0,0.0,11600.0
20201126,307_m_hait_2000,603603,603603.SH,博天环境,0,0,0.0,0.0,0.0,0.0,0.0,0.0,0.0
20201126,307_m_hait_2000,603612,603612.SH,索通发展,0,0,0.0,0.0,0.0,0.0,0.0,0.0,0.0
20201126,307_m_hait_2000,603615,603615.SH,茶花股份,0,0,0.0,0.0,0.0,0.0,0.0,0.0,0.0
20201126,307_m_hait_2000,603616,603616.SH,韩建河山,0,0,0.0,0.0,0.0,0.0,0.0,0.0,0.0
20201126,307_m_hait_2000,603619,603619.SH,中曼石油,0,0,0.0,0.0,0.0,0.0,0.0,0.0,0.0
20201126,307_m_hait_2000,603628,603628.SH,清源股份,0,0,0.0,0.0,0.0,0.0,0.0,0.0,0.0
20201126,307_m_hait_2000,603655,603655.SH,朗博科技,0,0,0.0,0.0,0.0,0.0,0.0,0.0,0.0
20201126,307_m_hait_2000,603663,603663.SH,三祥新材,0,0,0.0,0.0,0.0,0.0,0.0,0.0,0.0
20201126,307_m_hait_2000,603679,603679.SH,华体科技,0,0,0.0,0.0,0.0,0.0,0.0,0.0,0.0
20201126,307_m_hait_2000,603685,603685.SH,晨丰科技,0,0,0.0,0.0,0.0,0.0,0.0,0.0,0.0
20201126,307_m_hait_2000,603690,603690.SH,至纯科技,0,0,0.0,0.0,0.0,0.0,0.0,0.0,0.0
20201126,307_m_hait_2000,603697,603697.SH,有友食品,0,0,0.0,0.0,0.0,0.0,0.0,0.0,0.0
20201126,307_m_hait_2000,603718,603718.SH,海利生物,9600,1,0.0,0.0,0.0,0.0,0.0,0.0,9600.0
20201126,307_m_hait_2000,603722,603722.SH,阿科力,0,0,0.0,0.0,0.0,0.0,0.0,0.0,0.0
20201126,307_m_hait_2000,603733,603733.SH,仙鹤股份,0,0,0.0,0.0,0.0,0.0,0.0,0.0,0.0
20201126,307_m_hait_2000,603779,603779.SH,ST威龙,0,0,0.0,0.0,0.0,0.0,0.0,0.0,0.0
20201126,307_m_hait_2000,603787,603787.SH,新日股份,0,0,0.0,0.0,0.0,0.0,0.0,0.0,0.0
20201126,307_m_hait_2000,603808,603808.SH,歌力思,0,0,0.0,0.0,0.0,0.0,0.0,0.0,0.0
20201126,307_m_hait_2000,603819,603819.SH,神力股份,0,0,0.0,0.0,0.0,0.0,0.0,0.0,0.0
20201126,307_m_hait_2000,603828,603828.SH,柯利达,0,0,0.0,0.0,0.0,0.0,0.0,0.0,0.0
20201126,307_m_hait_2000,603839,603839.SH,安正时尚,0,0,0.0,0.0,0.0,0.0,0.0,0.0,0.0
20201126,307_m_hait_2000,603859,603859.SH,能科股份,0,0,0.0,0.0,0.0,0.0,0.0,0.0,0.0
20201126,307_m_hait_2000,603861,603861.SH,白云电器,0,0,0.0,0.0,0.0,0.0,0.0,0.0,0.0
20201126,307_m_hait_2000,603879,603879.SH,永悦科技,0,0,0.0,0.0,0.0,0.0,0.0,0.0,0.0
20201126,307_m_hait_2000,603900,603900.SH,莱绅通灵,0,0,0.0,0.0,0.0,0.0,0.0,0.0,0.0
20201126,307_m_hait_2000,603919,603919.SH,金徽酒,3600,1,0.0,0.0,0.0,0.0,0.0,0.0,3600.0
20201126,307_m_hait_2000,603922,603922.SH,金鸿顺,0,0,0.0,0.0,0.0,0.0,0.0,0.0,0.0
20201126,307_m_hait_2000,603958,603958.SH,哈森股份,0,0,0.0,0.0,0.0,0.0,0.0,0.0,0.0
20201126,307_m_hait_2000,603970,603970.SH,中农立华,0,0,0.0,0.0,0.0,0.0,0.0,0.0,0.0
20201126,307_m_hait_2000,603976,603976.SH,正川股份,0,0,0.0,0.0,0.0,0.0,0.0,0.0,0.0
20201126,307_m_hait_2000,603987,603987.SH,康德莱,0,0,0.0,0.0,0.0,0.0,0.0,0.0,0.0
20201126,307_m_hait_2000,603991,603991.SH,至正股份,0,0,0.0,0.0,0.0,0.0,0.0,0.0,0.0
20201126,307_m_hait_2000,603996,603996.SH,*ST中新,0,0,0.0,0.0,0.0,0.0,0.0,0.0,0.0
20201126,307_m_hait_2000,688011,688011.SH,新光光电,0,1,0.0,0.0,1000.0,1000.0,-1000.0,0.0,0.0
20201126,307_m_hait_2000,688019,688019.SH,安集科技,0,1,0.0,0.0,0.0,0.0,0.0,0.0,0.0
20201126,307_m_hait_2000,688068,688068.SH,热景生物,0,1,2500.0,0.0,1000.0,1000.0,-1000.0,0.0,0.0
20201126,307_m_hait_2000,688108,688108.SH,赛诺医疗,0,1,0.0,0.0,1000.0,1000.0,-1000.0,0.0,0.0
20201126,307_m_hait_2000,688202,688202.SH,美迪西,0,1,0.0,0.0,0.0,0.0,0.0,0.0,0.0
20201126,307_m_hait_2000,688288,688288.SH,鸿泉物联,0,1,0.0,0.0,0.0,0.0,0.0,0.0,0.0
20201126,307_m_hait_2000,688300,688300.SH,联瑞新材,0,1,0.0,0.0,0.0,0.0,0.0,0.0,0.0
20201126,307_m_hait_2000,688333,688333.SH,铂力特,0,1,0.0,0.0,0.0,0.0,0.0,0.0,0.0
20201126,307_m_hait_2000,688368,688368.SH,晶丰明源,0,1,1000.0,0.0,1000.0,1000.0,-1000.0,0.0,0.0
20201126,307_m_hait_2000,688388,688388.SH,嘉元科技,0,1,0.0,0.0,0.0,0.0,0.0,0.0,0.0
20201126,307_m_hait_2000,601099,601099.SH,太平洋,0,1,0.0,,1000.0,,-1000.0,0.0,0.0
20201126,307_m_hait_2000,601128,601128.SH,常熟银行,0,1,0.0,,10000.0,,-10000.0,0.0,0.0
20201126,307_m_hait_2000,002153,002153.SZ,石基信息,0,1,0.0,,1000.0,,-1000.0,0.0,0.0
20201126,307_m_hait_2000,688139,688139.SH,海尔生物,0,1,0.0,,1000.0,,-1000.0,0.0,0.0
20201126,307_m_hait_2000,688116,688116.SH,天奈科技,0,1,0.0,,8600.0,,-8600.0,0.0,0.0
20201126,307_m_hait_2000,688058,688058.SH,宝兰德,0,1,0.0,,1000.0,,-1000.0,0.0,0.0
20201126,307_m_hait_2000,002214,002214.SZ,大立科技,0,1,0.0,,6200.0,,-6200.0,0.0,0.0
20201126,307_m_hait_2000,600804,600804.SH,鹏博士,0,1,0.0,,12400.0,,-12400.0,0.0,0.0
20201126,307_m_hait_2000,601238,601238.SH,广汽集团,0,1,0.0,,1000.0,,-1000.0,0.0,0.0
20201126,307_m_hait_2000,300502,300502.SZ,新易盛,0,1,1400.0,,2400.0,,-2400.0,0.0,0.0
20201126,307_m_hait_2000,002555,002555.SZ,三七互娱,0,1,10000.0,,10000.0,,-10000.0,0.0,0.0
20201126,307_m_hait_2000,603712,603712.SH,七一二,0,1,0.0,,1000.0,,-1000.0,0.0,0.0
20201126,307_m_hait_2000,002382,002382.SZ,蓝帆医疗,0,1,0.0,,1000.0,,-1000.0,0.0,0.0
20201126,307_m_hait_2000,000793,000793.SZ,华闻集团,0,1,0.0,,1000.0,,-1000.0,0.0,0.0
20201126,307_m_hait_2000,600884,600884.SH,杉杉股份,0,1,0.0,,10000.0,,-10000.0,0.0,0.0
20201126,307_m_hait_2000,002007,002007.SZ,华兰生物,0,1,0.0,,1000.0,,-1000.0,0.0,0.0
20201126,307_m_hait_2000,002074,002074.SZ,国轩高科,0,1,0.0,,1000.0,,-1000.0,0.0,0.0
20201126,307_m_hait_2000,000503,000503.SZ,国新健康,0,1,0.0,,6300.0,,-6300.0,0.0,0.0
20201126,307_m_hait_2000,600176,600176.SH,中国巨石,0,1,0.0,,1000.0,,-1000.0,0.0,0.0
20201126,307_m_hait_2000,000887,000887.SZ,中鼎股份,0,1,0.0,,10800.0,,-10800.0,0.0,0.0
20201126,307_m_hait_2000,002202,002202.SZ,金风科技,0,1,0.0,,1000.0,,-1000.0,0.0,0.0
20201126,307_m_hait_2000,002271,002271.SZ,东方雨虹,0,1,0.0,,2000.0,,-2000.0,0.0,0.0
20201126,307_m_hait_2000,300001,300001.SZ,特锐德,0,1,0.0,,1000.0,,-1000.0,0.0,0.0
20201126,307_m_hait_2000,600196,600196.SH,复星医药,0,1,0.0,,700.0,,-700.0,0.0,0.0
20201126,307_m_hait_2000,300124,300124.SZ,汇川技术,0,1,0.0,,600.0,,-600.0,0.0,0.0
20201126,307_m_hait_2000,600812,600812.SH,华北制药,0,1,0.0,,10000.0,,-10000.0,0.0,0.0
20201126,307_m_hait_2000,688002,688002.SH,睿创微纳,0,1,0.0,,1000.0,,-1000.0,0.0,0.0
20201126,307_m_hait_2000,603881,603881.SH,数据港,0,1,0.0,,1000.0,,-1000.0,0.0,0.0
20201126,307_m_hait_2000,000403,000403.SZ,双林生物,0,1,0.0,,2200.0,,-2200.0,0.0,0.0
20201126,307_m_hait_2000,300027,300027.SZ,华谊兄弟,0,1,0.0,,1000.0,,-1000.0,0.0,0.0
20201126,307_m_hait_2000,300251,300251.SZ,光线传媒,0,1,0.0,,100.0,,-100.0,0.0,0.0
20201126,307_m_hait_2000,002027,002027.SZ,分众传媒,0,1,0.0,,10000.0,,-10000.0,0.0,0.0
20201126,307_m_hait_2000,688036,688036.SH,传音控股,0,1,19200.0,,1000.0,,-1000.0,0.0,0.0
20201126,307_m_hait_2000,688025,688025.SH,杰普特,0,1,0.0,,1000.0,,-1000.0,0.0,0.0
20201126,307_m_hait_2000,002709,002709.SZ,天赐材料,0,1,0.0,,1200.0,,-1200.0,0.0,0.0
20201126,307_m_hait_2000,600970,600970.SH,中材国际,0,1,0.0,,20600.0,,-20600.0,0.0,0.0
