DataDate,UpdateTime,AcctIDByMXZ,SecurityID,WindCode,Symbol,TgtQty,MarginOrNotMark,AvlQtyInPrivatePool,AvlQtyInPublicPool,QuotaRealTime,QuotaToTerminate,QuotaOnLastTrdDate,OrdQtyFromPublicSecLoan,OrdQtyFromPrivateSecLoan,OrdQtyFromPrivateSSQSecLoan,OrdQtyFromPrivateJPQSecLoan,OrdQtyFromOutsideSource
20210222,000651,3031_m_hait_1905,000004,000004.SZ,国华网安,0,0,0,0,N/A,0,0,0,0,0,0,0
20210222,000651,3031_m_hait_1905,000005,000005.SZ,世纪星源,0,0,0,0,N/A,0,0,0,0,0,0,0
20210222,000651,3031_m_hait_1905,000007,000007.SZ,全新好,0,0,0,0,N/A,0,0,0,0,0,0,0
20210222,000651,3031_m_hait_1905,000014,000014.SZ,沙河股份,0,0,0,0,N/A,0,0,0,0,0,0,0
20210222,000651,3031_m_hait_1905,000020,000020.SZ,深华发A,0,0,0,0,N/A,0,0,0,0,0,0,0
20210222,000651,3031_m_hait_1905,000023,000023.SZ,深天地A,0,0,0,0,N/A,0,0,0,0,0,0,0
20210222,000651,3031_m_hait_1905,000026,000026.SZ,飞亚达,0,0,0,0,N/A,0,0,0,0,0,0,0
20210222,000651,3031_m_hait_1905,000040,000040.SZ,东旭蓝天,0,1,0,0,N/A,0,0,0,0,0,0,0
20210222,000651,3031_m_hait_1905,000048,000048.SZ,京基智农,0,0,0,0,N/A,0,0,0,0,0,0,0
20210222,000651,3031_m_hait_1905,000056,000056.SZ,皇庭国际,0,0,0,0,N/A,0,0,0,0,0,0,0
20210222,000651,3031_m_hait_1905,000100,000100.SZ,TCL科技,21100,1,0,0,N/A,0,0,0,0,0,0,21100
20210222,000651,3031_m_hait_1905,000150,000150.SZ,宜华健康,0,1,0,0,N/A,0,0,0,0,0,0,0
20210222,000651,3031_m_hait_1905,000151,000151.SZ,中成股份,27900,1,0,0,N/A,0,0,0,0,0,0,27900
20210222,000651,3031_m_hait_1905,000155,000155.SZ,川能动力,0,0,0,0,N/A,0,0,0,0,0,0,0
20210222,000651,3031_m_hait_1905,000159,000159.SZ,国际实业,36700,1,0,0,N/A,0,0,0,0,0,0,36700
20210222,000651,3031_m_hait_1905,000410,000410.SZ,*ST沈机,0,0,0,0,N/A,0,0,0,0,0,0,0
20210222,000651,3031_m_hait_1905,000413,000413.SZ,东旭光电,0,1,0,0,N/A,0,0,0,0,0,0,0
20210222,000651,3031_m_hait_1905,000415,000415.SZ,渤海租赁,0,1,0,0,N/A,0,0,0,0,0,0,0
20210222,000651,3031_m_hait_1905,000416,000416.SZ,民生控股,0,0,0,0,N/A,0,0,0,0,0,0,0
20210222,000651,3031_m_hait_1905,000428,000428.SZ,华天酒店,0,0,0,0,N/A,0,0,0,0,0,0,0
20210222,000651,3031_m_hait_1905,000488,000488.SZ,晨鸣纸业,16600,1,0,0,N/A,0,0,0,0,0,0,16600
20210222,000651,3031_m_hait_1905,000502,000502.SZ,绿景控股,0,0,0,0,N/A,0,0,0,0,0,0,0
20210222,000651,3031_m_hait_1905,000503,000503.SZ,国新健康,27500,1,0,0,N/A,0,0,0,0,0,0,27500
20210222,000651,3031_m_hait_1905,000506,000506.SZ,中润资源,0,1,0,0,N/A,0,0,0,0,0,0,0
20210222,000651,3031_m_hait_1905,000509,000509.SZ,*ST华塑,0,0,0,0,N/A,0,0,0,0,0,0,0
20210222,000651,3031_m_hait_1905,000521,000521.SZ,长虹美菱,0,0,0,0,N/A,0,0,0,0,0,0,0
20210222,000651,3031_m_hait_1905,000523,000523.SZ,广州浪奇,0,0,0,0,N/A,0,0,0,0,0,0,0
20210222,000651,3031_m_hait_1905,000536,000536.SZ,*ST华映,0,0,0,0,N/A,0,0,0,0,0,0,0
20210222,000651,3031_m_hait_1905,000545,000545.SZ,金浦钛业,0,0,0,0,N/A,0,0,0,0,0,0,0
20210222,000651,3031_m_hait_1905,000558,000558.SZ,莱茵体育,0,0,0,0,N/A,0,0,0,0,0,0,0
20210222,000651,3031_m_hait_1905,000566,000566.SZ,海南海药,30800,1,0,0,N/A,0,0,0,0,0,0,30800
20210222,000651,3031_m_hait_1905,000571,000571.SZ,*ST大洲,0,0,0,0,N/A,0,0,0,0,0,0,0
20210222,000651,3031_m_hait_1905,000572,000572.SZ,ST海马,0,0,0,0,N/A,0,0,0,0,0,0,0
20210222,000651,3031_m_hait_1905,000573,000573.SZ,粤宏远A,0,0,0,0,N/A,0,0,0,0,0,0,0
20210222,000651,3031_m_hait_1905,000584,000584.SZ,哈工智能,0,0,0,0,N/A,0,0,0,0,0,0,0
20210222,000651,3031_m_hait_1905,000585,000585.SZ,*ST东电,0,0,0,0,N/A,0,0,0,0,0,0,0
20210222,000652,3031_m_hait_1905,000587,000587.SZ,*ST金洲,0,0,0,0,N/A,0,0,0,0,0,0,0
20210222,000652,3031_m_hait_1905,000590,000590.SZ,启迪药业,0,0,0,0,N/A,0,0,0,0,0,0,0
20210222,000652,3031_m_hait_1905,000595,000595.SZ,*ST宝实,0,0,0,0,N/A,0,0,0,0,0,0,0
20210222,000652,3031_m_hait_1905,000606,000606.SZ,顺利办,0,0,0,0,N/A,0,0,0,0,0,0,0
20210222,000652,3031_m_hait_1905,000608,000608.SZ,阳光股份,0,0,0,0,N/A,0,0,0,0,0,0,0
20210222,000652,3031_m_hait_1905,000609,000609.SZ,中迪投资,0,0,0,0,N/A,0,0,0,0,0,0,0
20210222,000652,3031_m_hait_1905,000610,000610.SZ,西安旅游,0,0,0,0,N/A,0,0,0,0,0,0,0
20210222,000652,3031_m_hait_1905,000613,000613.SZ,大东海A,0,0,0,0,N/A,0,0,0,0,0,0,0
20210222,000652,3031_m_hait_1905,000615,000615.SZ,奥园美谷,0,0,0,0,N/A,0,0,0,0,0,0,0
20210222,000652,3031_m_hait_1905,000616,000616.SZ,海航投资,0,1,0,0,N/A,0,0,0,0,0,0,0
20210222,000652,3031_m_hait_1905,000620,000620.SZ,新华联,0,1,0,0,N/A,0,0,0,0,0,0,0
20210222,000652,3031_m_hait_1905,000622,000622.SZ,恒立实业,0,0,0,0,N/A,0,0,0,0,0,0,0
20210222,000652,3031_m_hait_1905,000633,000633.SZ,合金投资,0,0,0,0,N/A,0,0,0,0,0,0,0
20210222,000652,3031_m_hait_1905,000638,000638.SZ,万方发展,0,0,0,0,N/A,0,0,0,0,0,0,0
20210222,000652,3031_m_hait_1905,000659,000659.SZ,珠海中富,0,0,0,0,N/A,0,0,0,0,0,0,0
20210222,000652,3031_m_hait_1905,000667,000667.SZ,美好置业,0,1,0,0,N/A,0,0,0,0,0,0,0
20210222,000652,3031_m_hait_1905,000668,000668.SZ,荣丰控股,0,0,0,0,N/A,0,0,0,0,0,0,0
20210222,000652,3031_m_hait_1905,000669,000669.SZ,*ST金鸿,0,0,0,0,N/A,0,0,0,0,0,0,0
20210222,000652,3031_m_hait_1905,000673,000673.SZ,*ST当代,0,0,0,0,N/A,0,0,0,0,0,0,0
20210222,000652,3031_m_hait_1905,000676,000676.SZ,智度股份,0,0,0,0,N/A,0,0,0,0,0,0,0
20210222,000652,3031_m_hait_1905,000677,000677.SZ,恒天海龙,0,0,0,0,N/A,0,0,0,0,0,0,0
20210222,000652,3031_m_hait_1905,000687,000687.SZ,*ST华讯,0,0,0,0,N/A,0,0,0,0,0,0,0
20210222,000652,3031_m_hait_1905,000691,000691.SZ,亚太实业,0,0,0,0,N/A,0,0,0,0,0,0,0
20210222,000652,3031_m_hait_1905,000692,000692.SZ,惠天热电,0,0,0,0,N/A,0,0,0,0,0,0,0
20210222,000652,3031_m_hait_1905,000697,000697.SZ,炼石航空,0,0,0,0,N/A,0,0,0,0,0,0,0
20210222,000652,3031_m_hait_1905,000698,000698.SZ,沈阳化工,0,0,0,0,N/A,0,0,0,0,0,0,0
20210222,000652,3031_m_hait_1905,000702,000702.SZ,正虹科技,0,0,0,0,N/A,0,0,0,0,0,0,0
20210222,000652,3031_m_hait_1905,000707,000707.SZ,ST双环,0,0,0,0,N/A,0,0,0,0,0,0,0
20210222,000652,3031_m_hait_1905,000710,000710.SZ,贝瑞基因,0,0,0,0,N/A,0,0,0,0,0,0,0
20210222,000652,3031_m_hait_1905,000711,000711.SZ,京蓝科技,0,0,0,0,N/A,0,0,0,0,0,0,0
20210222,000652,3031_m_hait_1905,000713,000713.SZ,丰乐种业,0,0,0,0,N/A,0,0,0,0,0,0,0
20210222,000652,3031_m_hait_1905,000723,000723.SZ,美锦能源,25000,1,0,0,N/A,0,0,0,0,0,0,25000
20210222,000652,3031_m_hait_1905,000725,000725.SZ,京东方A,31900,1,0,0,N/A,0,0,0,0,0,0,31900
20210222,000652,3031_m_hait_1905,000732,000732.SZ,泰禾集团,0,1,0,0,N/A,0,0,0,0,0,0,0
20210222,000652,3031_m_hait_1905,000733,000733.SZ,振华科技,3300,1,0,0,N/A,0,0,0,0,0,0,3300
20210222,000652,3031_m_hait_1905,000752,000752.SZ,*ST西发,0,0,0,0,N/A,0,0,0,0,0,0,0
20210222,000652,3031_m_hait_1905,000762,000762.SZ,西藏矿业,13000,1,0,0,N/A,0,0,0,0,0,0,13000
20210222,000652,3031_m_hait_1905,000766,000766.SZ,通化金马,0,1,0,0,N/A,0,0,0,0,0,0,0
20210222,000652,3031_m_hait_1905,000793,000793.SZ,华闻集团,0,1,0,0,N/A,0,0,0,0,0,0,0
20210222,000652,3031_m_hait_1905,000796,000796.SZ,凯撒旅业,0,0,0,0,N/A,0,0,0,0,0,0,0
20210222,000652,3031_m_hait_1905,000798,000798.SZ,中水渔业,0,0,0,0,N/A,0,0,0,0,0,0,0
20210222,000652,3031_m_hait_1905,000802,000802.SZ,北京文化,29900,1,0,0,N/A,0,0,0,0,0,0,29900
20210222,000652,3031_m_hait_1905,000807,000807.SZ,云铝股份,20300,1,0,0,N/A,0,0,0,0,0,0,20300
20210222,000652,3031_m_hait_1905,000809,000809.SZ,铁岭新城,0,0,0,0,N/A,0,0,0,0,0,0,0
20210222,000652,3031_m_hait_1905,000812,000812.SZ,陕西金叶,0,1,0,0,N/A,0,0,0,0,0,0,0
20210222,000652,3031_m_hait_1905,000815,000815.SZ,美利云,0,0,0,0,N/A,0,0,0,0,0,0,0
20210222,000652,3031_m_hait_1905,000816,000816.SZ,智慧农业,0,0,0,0,N/A,0,0,0,0,0,0,0
20210222,000652,3031_m_hait_1905,000820,000820.SZ,*ST节能,0,0,0,0,N/A,0,0,0,0,0,0,0
20210222,000652,3031_m_hait_1905,000821,000821.SZ,京山轻机,0,0,0,0,N/A,0,0,0,0,0,0,0
20210222,000652,3031_m_hait_1905,000830,000830.SZ,鲁西化工,12400,1,0,0,N/A,0,0,0,0,0,0,12400
20210222,000652,3031_m_hait_1905,000831,000831.SZ,五矿稀土,0,0,0,0,N/A,0,0,0,0,0,0,0
20210222,000652,3031_m_hait_1905,000835,000835.SZ,*ST长动,0,0,0,0,N/A,0,0,0,0,0,0,0
20210222,000652,3031_m_hait_1905,000836,000836.SZ,富通信息,0,1,0,0,N/A,0,0,0,0,0,0,0
20210222,000652,3031_m_hait_1905,000839,000839.SZ,中信国安,0,1,0,0,N/A,0,0,0,0,0,0,0
20210222,000652,3031_m_hait_1905,000851,000851.SZ,高鸿股份,33800,1,0,0,N/A,0,0,0,0,0,0,33800
20210222,000652,3031_m_hait_1905,000856,000856.SZ,冀东装备,0,0,0,0,N/A,0,0,0,0,0,0,0
20210222,000652,3031_m_hait_1905,000861,000861.SZ,海印股份,0,1,0,0,N/A,0,0,0,0,0,0,0
20210222,000652,3031_m_hait_1905,000862,000862.SZ,银星能源,0,0,0,0,N/A,0,0,0,0,0,0,0
20210222,000652,3031_m_hait_1905,000863,000863.SZ,三湘印象,0,0,0,0,N/A,0,0,0,0,0,0,0
20210222,000652,3031_m_hait_1905,000868,000868.SZ,ST安凯,0,0,0,0,N/A,0,0,0,0,0,0,0
20210222,000652,3031_m_hait_1905,000881,000881.SZ,中广核技,0,0,0,0,N/A,0,0,0,0,0,0,0
20210222,000652,3031_m_hait_1905,000890,000890.SZ,*ST胜尔,0,0,0,0,N/A,0,0,0,0,0,0,0
20210222,000652,3031_m_hait_1905,000892,000892.SZ,欢瑞世纪,0,0,0,0,N/A,0,0,0,0,0,0,0
20210222,000652,3031_m_hait_1905,000893,000893.SZ,亚钾国际,0,0,0,0,N/A,0,0,0,0,0,0,0
20210222,000652,3031_m_hait_1905,000901,000901.SZ,航天科技,24300,1,0,0,N/A,0,0,0,0,0,0,24300
20210222,000652,3031_m_hait_1905,000903,000903.SZ,云内动力,0,1,0,0,N/A,0,0,0,0,0,0,0
20210222,000652,3031_m_hait_1905,000908,000908.SZ,景峰医药,0,0,0,0,N/A,0,0,0,0,0,0,0
20210222,000652,3031_m_hait_1905,000918,000918.SZ,嘉凯城,32000,1,0,0,N/A,0,0,0,0,0,0,32000
20210222,000652,3031_m_hait_1905,000920,000920.SZ,南方汇通,0,0,0,0,N/A,0,0,0,0,0,0,0
20210222,000652,3031_m_hait_1905,000923,000923.SZ,河钢资源,0,0,0,0,N/A,0,0,0,0,0,0,0
20210222,000652,3031_m_hait_1905,000929,000929.SZ,兰州黄河,0,0,0,0,N/A,0,0,0,0,0,0,0
20210222,000652,3031_m_hait_1905,000933,000933.SZ,神火股份,22200,1,0,0,N/A,0,0,0,0,0,0,22200
20210222,000652,3031_m_hait_1905,000936,000936.SZ,华西股份,29900,1,0,0,N/A,0,0,0,0,0,0,29900
20210222,000652,3031_m_hait_1905,000949,000949.SZ,新乡化纤,0,0,0,0,N/A,0,0,0,0,0,0,0
20210222,000652,3031_m_hait_1905,000960,000960.SZ,锡业股份,13200,1,0,0,N/A,0,0,0,0,0,0,13200
20210222,000652,3031_m_hait_1905,000972,000972.SZ,ST中基,0,0,0,0,N/A,0,0,0,0,0,0,0
20210222,000652,3031_m_hait_1905,000980,000980.SZ,*ST众泰,0,0,0,0,N/A,0,0,0,0,0,0,0
20210222,000652,3031_m_hait_1905,000985,000985.SZ,大庆华科,0,0,0,0,N/A,0,0,0,0,0,0,0
20210222,000652,3031_m_hait_1905,000996,000996.SZ,中国中期,20600,1,0,0,N/A,0,0,0,0,0,0,20600
20210222,000652,3031_m_hait_1905,001896,001896.SZ,豫能控股,34100,1,0,0,N/A,0,0,0,0,0,0,34100
20210222,000652,3031_m_hait_1905,002002,002002.SZ,鸿达兴业,0,1,0,0,N/A,0,0,0,0,0,0,0
20210222,000652,3031_m_hait_1905,002006,002006.SZ,精功科技,0,0,0,0,N/A,0,0,0,0,0,0,0
20210222,000652,3031_m_hait_1905,002009,002009.SZ,天奇股份,0,0,0,0,N/A,0,0,0,0,0,0,0
20210222,000652,3031_m_hait_1905,002021,002021.SZ,ST中捷,0,0,0,0,N/A,0,0,0,0,0,0,0
20210222,000652,3031_m_hait_1905,002031,002031.SZ,巨轮智能,0,0,0,0,N/A,0,0,0,0,0,0,0
20210222,000652,3031_m_hait_1905,002042,002042.SZ,华孚时尚,0,1,0,0,N/A,0,0,0,0,0,0,0
20210222,000652,3031_m_hait_1905,002044,002044.SZ,美年健康,11200,1,0,0,N/A,0,0,0,0,0,0,11200
20210222,000652,3031_m_hait_1905,002052,002052.SZ,*ST同洲,0,0,0,0,N/A,0,0,0,0,0,0,0
20210222,000652,3031_m_hait_1905,002054,002054.SZ,德美化工,17000,1,0,0,N/A,0,0,0,0,0,0,17000
20210222,000652,3031_m_hait_1905,002055,002055.SZ,得润电子,18400,1,0,0,N/A,0,0,0,0,0,0,18400
20210222,000652,3031_m_hait_1905,002058,002058.SZ,威尔泰,0,0,0,0,N/A,0,0,0,0,0,0,0
20210222,000652,3031_m_hait_1905,002068,002068.SZ,黑猫股份,0,0,0,0,N/A,0,0,0,0,0,0,0
20210222,000652,3031_m_hait_1905,002069,002069.SZ,獐子岛,0,0,0,0,N/A,0,0,0,0,0,0,0
20210222,000652,3031_m_hait_1905,002072,002072.SZ,*ST凯瑞,0,0,0,0,N/A,0,0,0,0,0,0,0
20210222,000652,3031_m_hait_1905,002082,002082.SZ,万邦德,0,0,0,0,N/A,0,0,0,0,0,0,0
20210222,000652,3031_m_hait_1905,002084,002084.SZ,海鸥住工,0,0,0,0,N/A,0,0,0,0,0,0,0
20210222,000652,3031_m_hait_1905,002086,002086.SZ,*ST东洋,0,0,0,0,N/A,0,0,0,0,0,0,0
20210222,000652,3031_m_hait_1905,002088,002088.SZ,鲁阳节能,0,0,0,0,N/A,0,0,0,0,0,0,0
20210222,000652,3031_m_hait_1905,002089,002089.SZ,ST新海,0,0,0,0,N/A,0,0,0,0,0,0,0
20210222,000652,3031_m_hait_1905,002090,002090.SZ,金智科技,0,0,0,0,N/A,0,0,0,0,0,0,0
20210222,000652,3031_m_hait_1905,002092,002092.SZ,中泰化学,17800,1,0,0,N/A,0,0,0,0,0,0,17800
20210222,000652,3031_m_hait_1905,002094,002094.SZ,青岛金王,0,0,0,0,N/A,0,0,0,0,0,0,0
20210222,000652,3031_m_hait_1905,002096,002096.SZ,南岭民爆,0,0,0,0,N/A,0,0,0,0,0,0,0
20210222,000652,3031_m_hait_1905,002103,002103.SZ,广博股份,0,0,0,0,N/A,0,0,0,0,0,0,0
20210222,000652,3031_m_hait_1905,002109,002109.SZ,兴化股份,0,0,0,0,N/A,0,0,0,0,0,0,0
20210222,000652,3031_m_hait_1905,002112,002112.SZ,三变科技,0,0,0,0,N/A,0,0,0,0,0,0,0
20210222,000652,3031_m_hait_1905,002113,002113.SZ,*ST天润,0,0,0,0,N/A,0,0,0,0,0,0,0
20210222,000652,3031_m_hait_1905,002118,002118.SZ,紫鑫药业,0,1,0,0,N/A,0,0,0,0,0,0,0
20210222,000652,3031_m_hait_1905,002125,002125.SZ,湘潭电化,0,0,0,0,N/A,0,0,0,0,0,0,0
20210222,000652,3031_m_hait_1905,002127,002127.SZ,南极电商,17400,1,0,0,N/A,0,0,0,0,0,0,17400
20210222,000652,3031_m_hait_1905,002134,002134.SZ,天津普林,0,0,0,0,N/A,0,0,0,0,0,0,0
20210222,000652,3031_m_hait_1905,002139,002139.SZ,拓邦股份,0,0,0,0,N/A,0,0,0,0,0,0,0
20210222,000652,3031_m_hait_1905,002141,002141.SZ,贤丰控股,0,0,0,0,N/A,0,0,0,0,0,0,0
20210222,000652,3031_m_hait_1905,002145,002145.SZ,中核钛白,19400,1,0,0,N/A,0,0,0,0,0,0,19400
20210222,000652,3031_m_hait_1905,002147,002147.SZ,*ST新光,0,0,0,0,N/A,0,0,0,0,0,0,0
20210222,000652,3031_m_hait_1905,002148,002148.SZ,北纬科技,0,1,0,0,N/A,0,0,0,0,0,0,0
20210222,000652,3031_m_hait_1905,002149,002149.SZ,西部材料,14100,1,0,0,N/A,0,0,0,0,0,0,14100
20210222,000652,3031_m_hait_1905,002161,002161.SZ,远望谷,0,1,0,0,N/A,0,0,0,0,0,0,0
20210222,000652,3031_m_hait_1905,002162,002162.SZ,悦心健康,0,0,0,0,N/A,0,0,0,0,0,0,0
20210222,000652,3031_m_hait_1905,002164,002164.SZ,宁波东力,0,0,0,0,N/A,0,0,0,0,0,0,0
20210222,000652,3031_m_hait_1905,002168,002168.SZ,惠程科技,0,1,0,0,N/A,0,0,0,0,0,0,0
20210222,000652,3031_m_hait_1905,002172,002172.SZ,澳洋健康,0,0,0,0,N/A,0,0,0,0,0,0,0
20210222,000652,3031_m_hait_1905,002173,002173.SZ,创新医疗,0,0,0,0,N/A,0,0,0,0,0,0,0
20210222,000652,3031_m_hait_1905,002174,002174.SZ,游族网络,18100,1,0,0,N/A,0,0,0,0,0,0,18100
20210222,000652,3031_m_hait_1905,002176,002176.SZ,*ST江特,0,0,0,0,N/A,0,0,0,0,0,0,0
20210222,000652,3031_m_hait_1905,002177,002177.SZ,御银股份,38700,1,0,0,N/A,0,0,0,0,0,0,38700
20210222,000652,3031_m_hait_1905,002178,002178.SZ,延华智能,0,0,0,0,N/A,0,0,0,0,0,0,0
20210222,000652,3031_m_hait_1905,002184,002184.SZ,海得控制,0,0,0,0,N/A,0,0,0,0,0,0,0
20210222,000652,3031_m_hait_1905,002188,002188.SZ,*ST巴士,0,0,0,0,N/A,0,0,0,0,0,0,0
20210222,000652,3031_m_hait_1905,002189,002189.SZ,中光学,12300,1,0,0,N/A,0,0,0,0,0,0,12300
20210222,000652,3031_m_hait_1905,002195,002195.SZ,二三四五,0,1,0,0,N/A,0,0,0,0,0,0,0
20210222,000652,3031_m_hait_1905,002196,002196.SZ,方正电机,0,0,0,0,N/A,0,0,0,0,0,0,0
20210222,000652,3031_m_hait_1905,002199,002199.SZ,东晶电子,0,0,0,0,N/A,0,0,0,0,0,0,0
20210222,000652,3031_m_hait_1905,002200,002200.SZ,ST云投,0,0,0,0,N/A,0,0,0,0,0,0,0
20210222,000652,3031_m_hait_1905,002201,002201.SZ,九鼎新材,0,0,0,0,N/A,0,0,0,0,0,0,0
20210222,000652,3031_m_hait_1905,002207,002207.SZ,准油股份,0,0,0,0,N/A,0,0,0,0,0,0,0
20210222,000652,3031_m_hait_1905,002217,002217.SZ,合力泰,0,1,0,0,N/A,0,0,0,0,0,0,0
20210222,000652,3031_m_hait_1905,002219,002219.SZ,*ST恒康,0,0,0,0,N/A,0,0,0,0,0,0,0
20210222,000652,3031_m_hait_1905,002227,002227.SZ,奥特迅,0,0,0,0,N/A,0,0,0,0,0,0,0
20210222,000652,3031_m_hait_1905,002229,002229.SZ,鸿博股份,33600,1,0,0,N/A,0,0,0,0,0,0,33600
20210222,000652,3031_m_hait_1905,002231,002231.SZ,奥维通信,0,0,0,0,N/A,0,0,0,0,0,0,0
20210222,000652,3031_m_hait_1905,002234,002234.SZ,民和股份,13100,1,0,0,N/A,0,0,0,0,0,0,13100
20210222,000652,3031_m_hait_1905,002235,002235.SZ,安妮股份,0,1,0,0,N/A,0,0,0,0,0,0,0
20210222,000652,3031_m_hait_1905,002239,002239.SZ,奥特佳,0,1,0,0,N/A,0,0,0,0,0,0,0
20210222,000652,3031_m_hait_1905,002240,002240.SZ,盛新锂能,8300,1,0,0,N/A,0,0,0,0,0,0,8300
20210222,000652,3031_m_hait_1905,002245,002245.SZ,蔚蓝锂芯,0,0,0,0,N/A,0,0,0,0,0,0,0
20210222,000652,3031_m_hait_1905,002248,002248.SZ,华东数控,0,0,0,0,N/A,0,0,0,0,0,0,0
20210222,000652,3031_m_hait_1905,002256,002256.SZ,*ST兆新,0,0,0,0,N/A,0,0,0,0,0,0,0
20210222,000652,3031_m_hait_1905,002263,002263.SZ,大东南,0,0,0,0,N/A,0,0,0,0,0,0,0
20210222,000652,3031_m_hait_1905,002269,002269.SZ,美邦服饰,0,1,0,0,N/A,0,0,0,0,0,0,0
20210222,000652,3031_m_hait_1905,002280,002280.SZ,*ST联络,0,0,0,0,N/A,0,0,0,0,0,0,0
20210222,000652,3031_m_hait_1905,002288,002288.SZ,超华科技,24900,1,0,0,N/A,0,0,0,0,0,0,24900
20210222,000652,3031_m_hait_1905,002289,002289.SZ,ST宇顺,0,0,0,0,N/A,0,0,0,0,0,0,0
20210222,000652,3031_m_hait_1905,002291,002291.SZ,星期六,11700,1,0,0,N/A,0,0,0,0,0,0,11700
20210222,000652,3031_m_hait_1905,002295,002295.SZ,精艺股份,0,0,0,0,N/A,0,0,0,0,0,0,0
20210222,000652,3031_m_hait_1905,002297,002297.SZ,博云新材,30300,1,0,0,N/A,0,0,0,0,0,0,30300
20210222,000652,3031_m_hait_1905,002305,002305.SZ,南国置业,0,0,0,0,N/A,0,0,0,0,0,0,0
20210222,000652,3031_m_hait_1905,002306,002306.SZ,ST云网,0,0,0,0,N/A,0,0,0,0,0,0,0
20210222,000652,3031_m_hait_1905,002308,002308.SZ,威创股份,0,1,0,0,N/A,0,0,0,0,0,0,0
20210222,000652,3031_m_hait_1905,002309,002309.SZ,中利集团,0,0,0,0,N/A,0,0,0,0,0,0,0
20210222,000652,3031_m_hait_1905,002313,002313.SZ,日海智能,18900,1,0,0,N/A,0,0,0,0,0,0,18900
20210222,000652,3031_m_hait_1905,002316,002316.SZ,亚联发展,0,0,0,0,N/A,0,0,0,0,0,0,0
20210222,000652,3031_m_hait_1905,002321,002321.SZ,华英农业,0,1,0,0,N/A,0,0,0,0,0,0,0
20210222,000652,3031_m_hait_1905,002323,002323.SZ,*ST雅博,0,0,0,0,N/A,0,0,0,0,0,0,0
20210222,000652,3031_m_hait_1905,002328,002328.SZ,新朋股份,0,0,0,0,N/A,0,0,0,0,0,0,0
20210222,000652,3031_m_hait_1905,002331,002331.SZ,皖通科技,0,0,0,0,N/A,0,0,0,0,0,0,0
20210222,000652,3031_m_hait_1905,002335,002335.SZ,科华数据,0,0,0,0,N/A,0,0,0,0,0,0,0
20210222,000652,3031_m_hait_1905,002340,002340.SZ,格林美,23500,1,0,0,N/A,0,0,0,0,0,0,23500
20210222,000652,3031_m_hait_1905,002341,002341.SZ,新纶科技,0,0,0,0,N/A,0,0,0,0,0,0,0
20210222,000652,3031_m_hait_1905,002342,002342.SZ,巨力索具,0,0,0,0,N/A,0,0,0,0,0,0,0
20210222,000652,3031_m_hait_1905,002343,002343.SZ,慈文传媒,0,0,0,0,N/A,0,0,0,0,0,0,0
20210222,000652,3031_m_hait_1905,002347,002347.SZ,泰尔股份,0,0,0,0,N/A,0,0,0,0,0,0,0
20210222,000652,3031_m_hait_1905,002348,002348.SZ,高乐股份,0,0,0,0,N/A,0,0,0,0,0,0,0
20210222,000652,3031_m_hait_1905,002351,002351.SZ,漫步者,13900,1,0,0,N/A,0,0,0,0,0,0,13900
20210222,000652,3031_m_hait_1905,002355,002355.SZ,兴民智通,38700,1,0,0,N/A,0,0,0,0,0,0,38700
20210222,000652,3031_m_hait_1905,002356,002356.SZ,*ST赫美,0,0,0,0,N/A,0,0,0,0,0,0,0
20210222,000652,3031_m_hait_1905,002360,002360.SZ,同德化工,0,0,0,0,N/A,0,0,0,0,0,0,0
20210222,000652,3031_m_hait_1905,002366,002366.SZ,台海核电,0,1,0,0,N/A,0,0,0,0,0,0,0
20210222,000652,3031_m_hait_1905,002370,002370.SZ,亚太药业,0,1,0,0,N/A,0,0,0,0,0,0,0
20210222,000652,3031_m_hait_1905,002374,002374.SZ,中锐股份,0,0,0,0,N/A,0,0,0,0,0,0,0
20210222,000652,3031_m_hait_1905,002377,002377.SZ,国创高新,0,0,0,0,N/A,0,0,0,0,0,0,0
20210222,000652,3031_m_hait_1905,002378,002378.SZ,章源钨业,29000,1,0,0,N/A,0,0,0,0,0,0,29000
20210222,000652,3031_m_hait_1905,002383,002383.SZ,合众思壮,35100,1,0,0,N/A,0,0,0,0,0,0,35100
20210222,000652,3031_m_hait_1905,002400,002400.SZ,省广集团,0,1,0,0,N/A,0,0,0,0,0,0,0
20210222,000652,3031_m_hait_1905,002407,002407.SZ,多氟多,9000,1,0,0,N/A,0,0,0,0,0,0,9000
20210222,000652,3031_m_hait_1905,002411,002411.SZ,延安必康,0,1,0,0,N/A,0,0,0,0,0,0,0
20210222,000652,3031_m_hait_1905,002413,002413.SZ,雷科防务,31100,1,0,0,N/A,0,0,0,0,0,0,31100
20210222,000652,3031_m_hait_1905,002416,002416.SZ,爱施德,20700,1,0,0,N/A,0,0,0,0,0,0,20700
20210222,000652,3031_m_hait_1905,002417,002417.SZ,深南股份,0,0,0,0,N/A,0,0,0,0,0,0,0
20210222,000652,3031_m_hait_1905,002425,002425.SZ,凯撒文化,22100,1,0,0,N/A,0,0,0,0,0,0,22100
20210222,000652,3031_m_hait_1905,002427,002427.SZ,ST尤夫,0,0,0,0,N/A,0,0,0,0,0,0,0
20210222,000652,3031_m_hait_1905,002430,002430.SZ,杭氧股份,5900,1,0,0,N/A,0,0,0,0,0,0,5900
20210222,000652,3031_m_hait_1905,002438,002438.SZ,江苏神通,0,0,0,0,N/A,0,0,0,0,0,0,0
20210222,000652,3031_m_hait_1905,002451,002451.SZ,摩恩电气,33800,1,0,0,N/A,0,0,0,0,0,0,33800
20210222,000652,3031_m_hait_1905,002453,002453.SZ,华软科技,0,0,0,0,N/A,0,0,0,0,0,0,0
20210222,000652,3031_m_hait_1905,002455,002455.SZ,百川股份,0,0,0,0,N/A,0,0,0,0,0,0,0
20210222,000652,3031_m_hait_1905,002456,002456.SZ,欧菲光,18100,1,0,0,N/A,0,0,0,0,0,0,18100
20210222,000652,3031_m_hait_1905,002464,002464.SZ,众应互联,0,1,0,0,N/A,0,0,0,0,0,0,0
20210222,000652,3031_m_hait_1905,002466,002466.SZ,天齐锂业,3800,1,0,0,N/A,0,0,0,0,0,0,3800
20210222,000652,3031_m_hait_1905,002470,002470.SZ,*ST金正,0,0,0,0,N/A,0,0,0,0,0,0,0
20210222,000652,3031_m_hait_1905,002473,002473.SZ,ST圣莱,0,0,0,0,N/A,0,0,0,0,0,0,0
20210222,000652,3031_m_hait_1905,002476,002476.SZ,宝莫股份,0,1,0,0,N/A,0,0,0,0,0,0,0
20210222,000652,3031_m_hait_1905,002485,002485.SZ,希努尔,0,0,0,0,N/A,0,0,0,0,0,0,0
20210222,000652,3031_m_hait_1905,002490,002490.SZ,山东墨龙,0,0,0,0,N/A,0,0,0,0,0,0,0
20210222,000652,3031_m_hait_1905,002494,002494.SZ,华斯股份,0,0,0,0,N/A,0,0,0,0,0,0,0
20210222,000652,3031_m_hait_1905,002496,002496.SZ,*ST辉丰,0,0,0,0,N/A,0,0,0,0,0,0,0
20210222,000652,3031_m_hait_1905,002497,002497.SZ,雅化集团,9600,1,0,0,N/A,0,0,0,0,0,0,9600
20210222,000652,3031_m_hait_1905,002499,002499.SZ,*ST科林,0,0,0,0,N/A,0,0,0,0,0,0,0
20210222,000652,3031_m_hait_1905,002503,002503.SZ,搜于特,0,1,0,0,N/A,0,0,0,0,0,0,0
20210222,000652,3031_m_hait_1905,002504,002504.SZ,弘高创意,0,0,0,0,N/A,0,0,0,0,0,0,0
20210222,000652,3031_m_hait_1905,002506,002506.SZ,协鑫集成,0,1,0,0,N/A,0,0,0,0,0,0,0
20210222,000652,3031_m_hait_1905,002510,002510.SZ,天汽模,0,0,0,0,N/A,0,0,0,0,0,0,0
20210222,000652,3031_m_hait_1905,002512,002512.SZ,达华智能,0,1,0,0,N/A,0,0,0,0,0,0,0
20210222,000652,3031_m_hait_1905,002514,002514.SZ,宝馨科技,0,0,0,0,N/A,0,0,0,0,0,0,0
20210222,000652,3031_m_hait_1905,002517,002517.SZ,恺英网络,0,1,0,0,N/A,0,0,0,0,0,0,0
20210222,000652,3031_m_hait_1905,002528,002528.SZ,英飞拓,0,0,0,0,N/A,0,0,0,0,0,0,0
20210222,000652,3031_m_hait_1905,002529,002529.SZ,*ST海源,0,0,0,0,N/A,0,0,0,0,0,0,0
20210222,000652,3031_m_hait_1905,002530,002530.SZ,金财互联,0,0,0,0,N/A,0,0,0,0,0,0,0
20210222,000652,3031_m_hait_1905,002532,002532.SZ,天山铝业,0,0,0,0,N/A,0,0,0,0,0,0,0
20210222,000652,3031_m_hait_1905,002534,002534.SZ,杭锅股份,0,0,0,0,N/A,0,0,0,0,0,0,0
20210222,000652,3031_m_hait_1905,002547,002547.SZ,春兴精工,0,1,0,0,N/A,0,0,0,0,0,0,0
20210222,000652,3031_m_hait_1905,002553,002553.SZ,南方轴承,0,0,0,0,N/A,0,0,0,0,0,0,0
20210222,000652,3031_m_hait_1905,002564,002564.SZ,天沃科技,0,0,0,0,N/A,0,0,0,0,0,0,0
20210222,000652,3031_m_hait_1905,002569,002569.SZ,ST步森,0,0,0,0,N/A,0,0,0,0,0,0,0
20210222,000652,3031_m_hait_1905,002571,002571.SZ,德力股份,0,0,0,0,N/A,0,0,0,0,0,0,0
20210222,000653,3031_m_hait_1905,002574,002574.SZ,明牌珠宝,0,1,0,0,N/A,0,0,0,0,0,0,0
20210222,000653,3031_m_hait_1905,002575,002575.SZ,*ST群兴,0,0,0,0,N/A,0,0,0,0,0,0,0
20210222,000653,3031_m_hait_1905,002577,002577.SZ,雷柏科技,18700,1,0,0,N/A,0,0,0,0,0,0,18700
20210222,000653,3031_m_hait_1905,002578,002578.SZ,闽发铝业,0,0,0,0,N/A,0,0,0,0,0,0,0
20210222,000653,3031_m_hait_1905,002581,002581.SZ,未名医药,0,0,0,0,N/A,0,0,0,0,0,0,0
20210222,000653,3031_m_hait_1905,002584,002584.SZ,西陇科学,0,0,0,0,N/A,0,0,0,0,0,0,0
20210222,000653,3031_m_hait_1905,002587,002587.SZ,奥拓电子,0,0,0,0,N/A,0,0,0,0,0,0,0
20210222,000653,3031_m_hait_1905,002591,002591.SZ,恒大高新,0,0,0,0,N/A,0,0,0,0,0,0,0
20210222,000653,3031_m_hait_1905,002592,002592.SZ,ST八菱,0,0,0,0,N/A,0,0,0,0,0,0,0
20210222,000653,3031_m_hait_1905,002610,002610.SZ,爱康科技,0,1,0,0,N/A,0,0,0,0,0,0,0
20210222,000653,3031_m_hait_1905,002612,002612.SZ,朗姿股份,0,0,0,0,N/A,0,0,0,0,0,0,0
20210222,000653,3031_m_hait_1905,002613,002613.SZ,北玻股份,0,0,0,0,N/A,0,0,0,0,0,0,0
20210222,000653,3031_m_hait_1905,002618,002618.SZ,丹邦科技,0,1,0,0,N/A,0,0,0,0,0,0,0
20210222,000653,3031_m_hait_1905,002619,002619.SZ,艾格拉斯,0,0,0,0,N/A,0,0,0,0,0,0,0
20210222,000653,3031_m_hait_1905,002621,002621.SZ,美吉姆,37100,1,0,0,N/A,0,0,0,0,0,0,37100
20210222,000653,3031_m_hait_1905,002622,002622.SZ,融钰集团,0,0,0,0,N/A,0,0,0,0,0,0,0
20210222,000653,3031_m_hait_1905,002630,002630.SZ,华西能源,0,0,0,0,N/A,0,0,0,0,0,0,0
20210222,000653,3031_m_hait_1905,002633,002633.SZ,申科股份,0,0,0,0,N/A,0,0,0,0,0,0,0
20210222,000653,3031_m_hait_1905,002638,002638.SZ,*ST勤上,0,0,0,0,N/A,0,0,0,0,0,0,0
20210222,000653,3031_m_hait_1905,002640,002640.SZ,跨境通,0,1,0,0,N/A,0,0,0,0,0,0,0
20210222,000653,3031_m_hait_1905,002645,002645.SZ,华宏科技,0,0,0,0,N/A,0,0,0,0,0,0,0
20210222,000653,3031_m_hait_1905,002646,002646.SZ,青青稞酒,14600,1,0,0,N/A,0,0,0,0,0,0,14600
20210222,000653,3031_m_hait_1905,002647,002647.SZ,仁东控股,24700,1,0,0,N/A,0,0,0,0,0,0,24700
20210222,000653,3031_m_hait_1905,002648,002648.SZ,卫星石化,4400,1,0,0,N/A,0,0,0,0,0,0,4400
20210222,000653,3031_m_hait_1905,002652,002652.SZ,扬子新材,0,0,0,0,N/A,0,0,0,0,0,0,0
20210222,000653,3031_m_hait_1905,002654,002654.SZ,万润科技,0,0,0,0,N/A,0,0,0,0,0,0,0
20210222,000653,3031_m_hait_1905,002656,002656.SZ,ST摩登,0,0,0,0,N/A,0,0,0,0,0,0,0
20210222,000653,3031_m_hait_1905,002659,002659.SZ,凯文教育,0,0,0,0,N/A,0,0,0,0,0,0,0
20210222,000653,3031_m_hait_1905,002660,002660.SZ,茂硕电源,0,0,0,0,N/A,0,0,0,0,0,0,0
20210222,000653,3031_m_hait_1905,002663,002663.SZ,普邦股份,0,0,0,0,N/A,0,0,0,0,0,0,0
20210222,000653,3031_m_hait_1905,002665,002665.SZ,首航高科,0,1,0,0,N/A,0,0,0,0,0,0,0
20210222,000653,3031_m_hait_1905,002668,002668.SZ,奥马电器,0,0,0,0,N/A,0,0,0,0,0,0,0
20210222,000653,3031_m_hait_1905,002682,002682.SZ,龙洲股份,0,0,0,0,N/A,0,0,0,0,0,0,0
20210222,000653,3031_m_hait_1905,002684,002684.SZ,ST猛狮,0,0,0,0,N/A,0,0,0,0,0,0,0
20210222,000653,3031_m_hait_1905,002685,002685.SZ,华东重机,0,0,0,0,N/A,0,0,0,0,0,0,0
20210222,000653,3031_m_hait_1905,002691,002691.SZ,冀凯股份,0,0,0,0,N/A,0,0,0,0,0,0,0
20210222,000653,3031_m_hait_1905,002694,002694.SZ,顾地科技,0,0,0,0,N/A,0,0,0,0,0,0,0
20210222,000653,3031_m_hait_1905,002699,002699.SZ,美盛文化,0,0,0,0,N/A,0,0,0,0,0,0,0
20210222,000653,3031_m_hait_1905,002703,002703.SZ,浙江世宝,0,0,0,0,N/A,0,0,0,0,0,0,0
20210222,000653,3031_m_hait_1905,002707,002707.SZ,众信旅游,0,0,0,0,N/A,0,0,0,0,0,0,0
20210222,000653,3031_m_hait_1905,002712,002712.SZ,思美传媒,0,0,0,0,N/A,0,0,0,0,0,0,0
20210222,000653,3031_m_hait_1905,002713,002713.SZ,东易日盛,0,0,0,0,N/A,0,0,0,0,0,0,0
20210222,000653,3031_m_hait_1905,002715,002715.SZ,登云股份,0,0,0,0,N/A,0,0,0,0,0,0,0
20210222,000653,3031_m_hait_1905,002721,002721.SZ,金一文化,0,0,0,0,N/A,0,0,0,0,0,0,0
20210222,000653,3031_m_hait_1905,002723,002723.SZ,金莱特,0,0,0,0,N/A,0,0,0,0,0,0,0
20210222,000653,3031_m_hait_1905,002725,002725.SZ,跃岭股份,0,0,0,0,N/A,0,0,0,0,0,0,0
20210222,000653,3031_m_hait_1905,002730,002730.SZ,电光科技,0,0,0,0,N/A,0,0,0,0,0,0,0
20210222,000653,3031_m_hait_1905,002738,002738.SZ,中矿资源,0,0,0,0,N/A,0,0,0,0,0,0,0
20210222,000653,3031_m_hait_1905,002740,002740.SZ,爱迪尔,0,0,0,0,N/A,0,0,0,0,0,0,0
20210222,000653,3031_m_hait_1905,002748,002748.SZ,世龙实业,0,0,0,0,N/A,0,0,0,0,0,0,0
20210222,000653,3031_m_hait_1905,002756,002756.SZ,永兴材料,0,0,0,0,N/A,0,0,0,0,0,0,0
20210222,000653,3031_m_hait_1905,002759,002759.SZ,天际股份,0,0,0,0,N/A,0,0,0,0,0,0,0
20210222,000653,3031_m_hait_1905,002762,002762.SZ,金发拉比,0,0,0,0,N/A,0,0,0,0,0,0,0
20210222,000653,3031_m_hait_1905,002765,002765.SZ,蓝黛科技,0,0,0,0,N/A,0,0,0,0,0,0,0
20210222,000653,3031_m_hait_1905,002766,002766.SZ,ST索菱,0,0,0,0,N/A,0,0,0,0,0,0,0
20210222,000653,3031_m_hait_1905,002776,002776.SZ,柏堡龙,0,0,0,0,N/A,0,0,0,0,0,0,0
20210222,000653,3031_m_hait_1905,002778,002778.SZ,高科石化,0,0,0,0,N/A,0,0,0,0,0,0,0
20210222,000653,3031_m_hait_1905,002779,002779.SZ,中坚科技,0,0,0,0,N/A,0,0,0,0,0,0,0
20210222,000653,3031_m_hait_1905,002781,002781.SZ,奇信股份,0,0,0,0,N/A,0,0,0,0,0,0,0
20210222,000653,3031_m_hait_1905,002783,002783.SZ,凯龙股份,19400,1,0,0,N/A,0,0,0,0,0,0,19400
20210222,000653,3031_m_hait_1905,002786,002786.SZ,银宝山新,0,0,0,0,N/A,0,0,0,0,0,0,0
20210222,000653,3031_m_hait_1905,002789,002789.SZ,建艺集团,0,0,0,0,N/A,0,0,0,0,0,0,0
20210222,000653,3031_m_hait_1905,002790,002790.SZ,瑞尔特,0,0,0,0,N/A,0,0,0,0,0,0,0
20210222,000653,3031_m_hait_1905,002795,002795.SZ,永和智控,0,0,0,0,N/A,0,0,0,0,0,0,0
20210222,000653,3031_m_hait_1905,002796,002796.SZ,世嘉科技,17200,1,0,0,N/A,0,0,0,0,0,0,17200
20210222,000653,3031_m_hait_1905,002805,002805.SZ,丰元股份,0,0,0,0,N/A,0,0,0,0,0,0,0
20210222,000653,3031_m_hait_1905,002806,002806.SZ,华锋股份,0,0,0,0,N/A,0,0,0,0,0,0,0
20210222,000653,3031_m_hait_1905,002808,002808.SZ,恒久科技,0,0,0,0,N/A,0,0,0,0,0,0,0
20210222,000653,3031_m_hait_1905,002813,002813.SZ,路畅科技,0,0,0,0,N/A,0,0,0,0,0,0,0
20210222,000653,3031_m_hait_1905,002816,002816.SZ,和科达,0,0,0,0,N/A,0,0,0,0,0,0,0
20210222,000653,3031_m_hait_1905,002819,002819.SZ,东方中科,0,0,0,0,N/A,0,0,0,0,0,0,0
20210222,000653,3031_m_hait_1905,002824,002824.SZ,和胜股份,0,0,0,0,N/A,0,0,0,0,0,0,0
20210222,000653,3031_m_hait_1905,002829,002829.SZ,星网宇达,0,0,0,0,N/A,0,0,0,0,0,0,0
20210222,000653,3031_m_hait_1905,002830,002830.SZ,名雕股份,0,0,0,0,N/A,0,0,0,0,0,0,0
20210222,000653,3031_m_hait_1905,002836,002836.SZ,新宏泽,0,0,0,0,N/A,0,0,0,0,0,0,0
20210222,000653,3031_m_hait_1905,002842,002842.SZ,翔鹭钨业,0,0,0,0,N/A,0,0,0,0,0,0,0
20210222,000653,3031_m_hait_1905,002848,002848.SZ,高斯贝尔,0,0,0,0,N/A,0,0,0,0,0,0,0
20210222,000653,3031_m_hait_1905,002856,002856.SZ,美芝股份,0,0,0,0,N/A,0,0,0,0,0,0,0
20210222,000653,3031_m_hait_1905,002858,002858.SZ,力盛赛车,0,0,0,0,N/A,0,0,0,0,0,0,0
20210222,000653,3031_m_hait_1905,002862,002862.SZ,实丰文化,0,0,0,0,N/A,0,0,0,0,0,0,0
20210222,000653,3031_m_hait_1905,002863,002863.SZ,今飞凯达,0,0,0,0,N/A,0,0,0,0,0,0,0
20210222,000653,3031_m_hait_1905,002866,002866.SZ,传艺科技,0,0,0,0,N/A,0,0,0,0,0,0,0
20210222,000653,3031_m_hait_1905,002870,002870.SZ,香山股份,0,0,0,0,N/A,0,0,0,0,0,0,0
20210222,000653,3031_m_hait_1905,002872,002872.SZ,ST天圣,0,0,0,0,N/A,0,0,0,0,0,0,0
20210222,000653,3031_m_hait_1905,002875,002875.SZ,安奈儿,0,0,0,0,N/A,0,0,0,0,0,0,0
20210222,000653,3031_m_hait_1905,002881,002881.SZ,美格智能,0,0,0,0,N/A,0,0,0,0,0,0,0
20210222,000653,3031_m_hait_1905,002885,002885.SZ,京泉华,0,0,0,0,N/A,0,0,0,0,0,0,0
20210222,000653,3031_m_hait_1905,002890,002890.SZ,弘宇股份,0,0,0,0,N/A,0,0,0,0,0,0,0
20210222,000653,3031_m_hait_1905,002893,002893.SZ,华通热力,0,0,0,0,N/A,0,0,0,0,0,0,0
20210222,000653,3031_m_hait_1905,002896,002896.SZ,中大力德,0,0,0,0,N/A,0,0,0,0,0,0,0
20210222,000653,3031_m_hait_1905,002898,002898.SZ,赛隆药业,0,0,0,0,N/A,0,0,0,0,0,0,0
20210222,000653,3031_m_hait_1905,002900,002900.SZ,哈三联,0,0,0,0,N/A,0,0,0,0,0,0,0
20210222,000653,3031_m_hait_1905,002902,002902.SZ,铭普光磁,0,0,0,0,N/A,0,0,0,0,0,0,0
20210222,000653,3031_m_hait_1905,002906,002906.SZ,华阳集团,0,0,0,0,N/A,0,0,0,0,0,0,0
20210222,000653,3031_m_hait_1905,002908,002908.SZ,德生科技,0,0,0,0,N/A,0,0,0,0,0,0,0
20210222,000653,3031_m_hait_1905,002928,002928.SZ,华夏航空,0,0,0,0,N/A,0,0,0,0,0,0,0
20210222,000653,3031_m_hait_1905,002931,002931.SZ,锋龙股份,0,0,0,0,N/A,0,0,0,0,0,0,0
20210222,000653,3031_m_hait_1905,002943,002943.SZ,宇晶股份,0,0,0,0,N/A,0,0,0,0,0,0,0
20210222,000653,3031_m_hait_1905,002949,002949.SZ,华阳国际,0,0,0,0,N/A,0,0,0,0,0,0,0
20210222,000653,3031_m_hait_1905,002956,002956.SZ,西麦食品,0,0,0,0,N/A,0,0,0,0,0,0,0
20210222,000653,3031_m_hait_1905,002959,002959.SZ,小熊电器,0,0,0,0,N/A,0,0,0,0,0,0,0
20210222,000653,3031_m_hait_1905,002960,002960.SZ,青鸟消防,0,0,0,0,N/A,0,0,0,0,0,0,0
20210222,000653,3031_m_hait_1905,300004,300004.SZ,南风股份,0,0,0,0,N/A,0,0,0,0,0,0,0
20210222,000653,3031_m_hait_1905,300005,300005.SZ,探路者,0,0,0,0,N/A,0,0,0,0,0,0,0
20210222,000653,3031_m_hait_1905,300006,300006.SZ,莱美药业,28100,1,0,0,N/A,0,0,0,0,0,0,28100
20210222,000653,3031_m_hait_1905,300008,300008.SZ,天海防务,0,0,0,0,N/A,0,0,0,0,0,0,0
20210222,000653,3031_m_hait_1905,300010,300010.SZ,豆神教育,24300,1,0,0,N/A,0,0,0,0,0,0,24300
20210222,000653,3031_m_hait_1905,300011,300011.SZ,鼎汉技术,0,0,0,0,N/A,0,0,0,0,0,0,0
20210222,000653,3031_m_hait_1905,300013,300013.SZ,新宁物流,0,0,0,0,N/A,0,0,0,0,0,0,0
20210222,000653,3031_m_hait_1905,300018,300018.SZ,中元股份,37300,1,0,0,N/A,0,0,0,0,0,0,37300
20210222,000653,3031_m_hait_1905,300019,300019.SZ,硅宝科技,0,0,0,0,N/A,0,0,0,0,0,0,0
20210222,000653,3031_m_hait_1905,300022,300022.SZ,吉峰科技,0,0,0,0,N/A,0,0,0,0,0,0,0
20210222,000653,3031_m_hait_1905,300023,300023.SZ,宝德股份,0,0,0,0,N/A,0,0,0,0,0,0,0
20210222,000653,3031_m_hait_1905,300025,300025.SZ,华星创业,0,1,0,0,N/A,0,0,0,0,0,0,0
20210222,000653,3031_m_hait_1905,300029,300029.SZ,ST天龙,0,0,0,0,N/A,0,0,0,0,0,0,0
20210222,000653,3031_m_hait_1905,300030,300030.SZ,阳普医疗,0,0,0,0,N/A,0,0,0,0,0,0,0
20210222,000653,3031_m_hait_1905,300038,300038.SZ,ST数知,0,0,0,0,N/A,0,0,0,0,0,0,0
20210222,000653,3031_m_hait_1905,300044,300044.SZ,赛为智能,0,0,0,0,N/A,0,0,0,0,0,0,0
20210222,000653,3031_m_hait_1905,300046,300046.SZ,台基股份,0,0,0,0,N/A,0,0,0,0,0,0,0
20210222,000653,3031_m_hait_1905,300050,300050.SZ,世纪鼎利,0,0,0,0,N/A,0,0,0,0,0,0,0
20210222,000653,3031_m_hait_1905,300051,300051.SZ,三五互联,0,0,0,0,N/A,0,0,0,0,0,0,0
20210222,000653,3031_m_hait_1905,300052,300052.SZ,中青宝,0,0,0,0,N/A,0,0,0,0,0,0,0
20210222,000653,3031_m_hait_1905,300055,300055.SZ,万邦达,34400,1,0,0,N/A,0,0,0,0,0,0,34400
20210222,000653,3031_m_hait_1905,300056,300056.SZ,中创环保,0,0,0,0,N/A,0,0,0,0,0,0,0
20210222,000653,3031_m_hait_1905,300061,300061.SZ,旗天科技,0,0,0,0,N/A,0,0,0,0,0,0,0
20210222,000653,3031_m_hait_1905,300062,300062.SZ,中能电气,0,0,0,0,N/A,0,0,0,0,0,0,0
20210222,000653,3031_m_hait_1905,300063,300063.SZ,天龙集团,0,0,0,0,N/A,0,0,0,0,0,0,0
20210222,000653,3031_m_hait_1905,300064,300064.SZ,ST金刚,0,0,0,0,N/A,0,0,0,0,0,0,0
20210222,000653,3031_m_hait_1905,300065,300065.SZ,海兰信,18700,1,0,0,N/A,0,0,0,0,0,0,18700
20210222,000653,3031_m_hait_1905,300071,300071.SZ,华谊嘉信,0,0,0,0,N/A,0,0,0,0,0,0,0
20210222,000653,3031_m_hait_1905,300072,300072.SZ,三聚环保,31000,1,0,0,N/A,0,0,0,0,0,0,31000
20210222,000653,3031_m_hait_1905,300074,300074.SZ,华平股份,0,0,0,0,N/A,0,0,0,0,0,0,0
20210222,000653,3031_m_hait_1905,300076,300076.SZ,GQY视讯,0,0,0,0,N/A,0,0,0,0,0,0,0
20210222,000653,3031_m_hait_1905,300077,300077.SZ,国民技术,0,0,0,0,N/A,0,0,0,0,0,0,0
20210222,000653,3031_m_hait_1905,300082,300082.SZ,奥克股份,0,0,0,0,N/A,0,0,0,0,0,0,0
20210222,000653,3031_m_hait_1905,300084,300084.SZ,海默科技,0,0,0,0,N/A,0,0,0,0,0,0,0
20210222,000653,3031_m_hait_1905,300085,300085.SZ,银之杰,11900,1,0,0,N/A,0,0,0,0,0,0,11900
20210222,000653,3031_m_hait_1905,300086,300086.SZ,康芝药业,0,0,0,0,N/A,0,0,0,0,0,0,0
20210222,000653,3031_m_hait_1905,300087,300087.SZ,荃银高科,0,0,0,0,N/A,0,0,0,0,0,0,0
20210222,000653,3031_m_hait_1905,300089,300089.SZ,文化长城,0,0,0,0,N/A,0,0,0,0,0,0,0
20210222,000653,3031_m_hait_1905,300092,300092.SZ,科新机电,0,0,0,0,N/A,0,0,0,0,0,0,0
20210222,000653,3031_m_hait_1905,300093,300093.SZ,金刚玻璃,0,0,0,0,N/A,0,0,0,0,0,0,0
20210222,000653,3031_m_hait_1905,300094,300094.SZ,国联水产,0,0,0,0,N/A,0,0,0,0,0,0,0
20210222,000653,3031_m_hait_1905,300095,300095.SZ,华伍股份,0,0,0,0,N/A,0,0,0,0,0,0,0
20210222,000653,3031_m_hait_1905,300096,300096.SZ,易联众,0,0,0,0,N/A,0,0,0,0,0,0,0
20210222,000653,3031_m_hait_1905,300098,300098.SZ,高新兴,0,1,0,0,N/A,0,0,0,0,0,0,0
20210222,000653,3031_m_hait_1905,300100,300100.SZ,双林股份,0,0,0,0,N/A,0,0,0,0,0,0,0
20210222,000653,3031_m_hait_1905,300101,300101.SZ,振芯科技,12300,1,0,0,N/A,0,0,0,0,0,0,12300
20210222,000653,3031_m_hait_1905,300102,300102.SZ,乾照光电,0,0,0,0,N/A,0,0,0,0,0,0,0
20210222,000653,3031_m_hait_1905,300106,300106.SZ,西部牧业,0,0,0,0,N/A,0,0,0,0,0,0,0
20210222,000653,3031_m_hait_1905,300108,300108.SZ,吉药控股,0,0,0,0,N/A,0,0,0,0,0,0,0
20210222,000653,3031_m_hait_1905,300109,300109.SZ,新开源,0,0,0,0,N/A,0,0,0,0,0,0,0
20210222,000653,3031_m_hait_1905,300111,300111.SZ,向日葵,0,0,0,0,N/A,0,0,0,0,0,0,0
20210222,000653,3031_m_hait_1905,300113,300113.SZ,顺网科技,12800,1,0,0,N/A,0,0,0,0,0,0,12800
20210222,000653,3031_m_hait_1905,300114,300114.SZ,中航电测,0,0,0,0,N/A,0,0,0,0,0,0,0
20210222,000653,3031_m_hait_1905,300116,300116.SZ,保力新,0,0,0,0,N/A,0,0,0,0,0,0,0
20210222,000653,3031_m_hait_1905,300117,300117.SZ,嘉寓股份,0,0,0,0,N/A,0,0,0,0,0,0,0
20210222,000653,3031_m_hait_1905,300118,300118.SZ,东方日升,13600,1,0,0,N/A,0,0,0,0,0,0,13600
20210222,000653,3031_m_hait_1905,300120,300120.SZ,经纬辉开,0,0,0,0,N/A,0,0,0,0,0,0,0
20210222,000653,3031_m_hait_1905,300121,300121.SZ,阳谷华泰,0,0,0,0,N/A,0,0,0,0,0,0,0
20210222,000653,3031_m_hait_1905,300122,300122.SZ,智飞生物,1100,1,0,0,N/A,0,0,0,0,0,0,1100
20210222,000653,3031_m_hait_1905,300123,300123.SZ,亚光科技,19900,1,0,0,N/A,0,0,0,0,0,0,19900
20210222,000653,3031_m_hait_1905,300126,300126.SZ,锐奇股份,0,0,0,0,N/A,0,0,0,0,0,0,0
20210222,000653,3031_m_hait_1905,300127,300127.SZ,银河磁体,0,0,0,0,N/A,0,0,0,0,0,0,0
20210222,000653,3031_m_hait_1905,300131,300131.SZ,英唐智控,0,0,0,0,N/A,0,0,0,0,0,0,0
20210222,000653,3031_m_hait_1905,300135,300135.SZ,宝利国际,0,0,0,0,N/A,0,0,0,0,0,0,0
20210222,000653,3031_m_hait_1905,300139,300139.SZ,晓程科技,24700,1,0,0,N/A,0,0,0,0,0,0,24700
20210222,000653,3031_m_hait_1905,300140,300140.SZ,中环装备,0,0,0,0,N/A,0,0,0,0,0,0,0
20210222,000653,3031_m_hait_1905,300141,300141.SZ,和顺电气,0,0,0,0,N/A,0,0,0,0,0,0,0
20210222,000653,3031_m_hait_1905,300142,300142.SZ,沃森生物,4000,1,0,0,N/A,0,0,0,0,0,0,4000
20210222,000653,3031_m_hait_1905,300147,300147.SZ,香雪制药,25600,1,0,0,N/A,0,0,0,0,0,0,25600
20210222,000653,3031_m_hait_1905,300148,300148.SZ,天舟文化,0,0,0,0,N/A,0,0,0,0,0,0,0
20210222,000653,3031_m_hait_1905,300150,300150.SZ,世纪瑞尔,0,0,0,0,N/A,0,0,0,0,0,0,0
20210222,000653,3031_m_hait_1905,300152,300152.SZ,科融环境,0,1,0,0,N/A,0,0,0,0,0,0,0
20210222,000653,3031_m_hait_1905,300153,300153.SZ,科泰电源,0,0,0,0,N/A,0,0,0,0,0,0,0
20210222,000653,3031_m_hait_1905,300155,300155.SZ,安居宝,0,0,0,0,N/A,0,0,0,0,0,0,0
20210222,000653,3031_m_hait_1905,300157,300157.SZ,恒泰艾普,0,1,0,0,N/A,0,0,0,0,0,0,0
20210222,000653,3031_m_hait_1905,300159,300159.SZ,新研股份,0,0,0,0,N/A,0,0,0,0,0,0,0
20210222,000653,3031_m_hait_1905,300162,300162.SZ,雷曼光电,0,0,0,0,N/A,0,0,0,0,0,0,0
20210222,000653,3031_m_hait_1905,300164,300164.SZ,通源石油,0,0,0,0,N/A,0,0,0,0,0,0,0
20210222,000653,3031_m_hait_1905,300165,300165.SZ,天瑞仪器,0,0,0,0,N/A,0,0,0,0,0,0,0
20210222,000653,3031_m_hait_1905,300167,300167.SZ,迪威迅,0,0,0,0,N/A,0,0,0,0,0,0,0
20210222,000653,3031_m_hait_1905,300169,300169.SZ,天晟新材,0,0,0,0,N/A,0,0,0,0,0,0,0
20210222,000653,3031_m_hait_1905,300173,300173.SZ,福能东方,0,0,0,0,N/A,0,0,0,0,0,0,0
20210222,000653,3031_m_hait_1905,300175,300175.SZ,朗源股份,0,0,0,0,N/A,0,0,0,0,0,0,0
20210222,000653,3031_m_hait_1905,300176,300176.SZ,派生科技,0,0,0,0,N/A,0,0,0,0,0,0,0
20210222,000653,3031_m_hait_1905,300178,300178.SZ,腾邦国际,0,0,0,0,N/A,0,0,0,0,0,0,0
20210222,000653,3031_m_hait_1905,300179,300179.SZ,四方达,0,0,0,0,N/A,0,0,0,0,0,0,0
20210222,000653,3031_m_hait_1905,300180,300180.SZ,华峰超纤,32100,1,0,0,N/A,0,0,0,0,0,0,32100
20210222,000653,3031_m_hait_1905,300182,300182.SZ,捷成股份,0,1,0,0,N/A,0,0,0,0,0,0,0
20210222,000653,3031_m_hait_1905,300183,300183.SZ,东软载波,14100,1,0,0,N/A,0,0,0,0,0,0,14100
20210222,000653,3031_m_hait_1905,300184,300184.SZ,力源信息,0,0,0,0,N/A,0,0,0,0,0,0,0
20210222,000653,3031_m_hait_1905,300185,300185.SZ,通裕重工,0,0,0,0,N/A,0,0,0,0,0,0,0
20210222,000653,3031_m_hait_1905,300189,300189.SZ,神农科技,0,1,0,0,N/A,0,0,0,0,0,0,0
20210222,000653,3031_m_hait_1905,300192,300192.SZ,科德教育,0,0,0,0,N/A,0,0,0,0,0,0,0
20210222,000653,3031_m_hait_1905,300195,300195.SZ,长荣股份,0,0,0,0,N/A,0,0,0,0,0,0,0
20210222,000653,3031_m_hait_1905,300198,300198.SZ,纳川股份,0,0,0,0,N/A,0,0,0,0,0,0,0
20210222,000653,3031_m_hait_1905,300201,300201.SZ,海伦哲,0,0,0,0,N/A,0,0,0,0,0,0,0
20210222,000653,3031_m_hait_1905,300202,300202.SZ,聚龙股份,27000,1,0,0,N/A,0,0,0,0,0,0,27000
20210222,000653,3031_m_hait_1905,300204,300204.SZ,舒泰神,0,0,0,0,N/A,0,0,0,0,0,0,0
20210222,000653,3031_m_hait_1905,300205,300205.SZ,天喻信息,24600,1,0,0,N/A,0,0,0,0,0,0,24600
20210222,000653,3031_m_hait_1905,300208,300208.SZ,青岛中程,0,0,0,0,N/A,0,0,0,0,0,0,0
20210222,000653,3031_m_hait_1905,300209,300209.SZ,天泽信息,0,0,0,0,N/A,0,0,0,0,0,0,0
20210222,000653,3031_m_hait_1905,300210,300210.SZ,森远股份,0,0,0,0,N/A,0,0,0,0,0,0,0
20210222,000653,3031_m_hait_1905,300211,300211.SZ,亿通科技,0,0,0,0,N/A,0,0,0,0,0,0,0
20210222,000653,3031_m_hait_1905,300218,300218.SZ,安利股份,0,0,0,0,N/A,0,0,0,0,0,0,0
20210222,000653,3031_m_hait_1905,300220,300220.SZ,金运激光,0,0,0,0,N/A,0,0,0,0,0,0,0
20210222,000653,3031_m_hait_1905,300221,300221.SZ,银禧科技,0,0,0,0,N/A,0,0,0,0,0,0,0
20210222,000653,3031_m_hait_1905,300222,300222.SZ,科大智能,24400,1,0,0,N/A,0,0,0,0,0,0,24400
20210222,000653,3031_m_hait_1905,300224,300224.SZ,正海磁材,0,0,0,0,N/A,0,0,0,0,0,0,0
20210222,000653,3031_m_hait_1905,300225,300225.SZ,金力泰,0,0,0,0,N/A,0,0,0,0,0,0,0
20210222,000653,3031_m_hait_1905,300228,300228.SZ,富瑞特装,0,0,0,0,N/A,0,0,0,0,0,0,0
20210222,000653,3031_m_hait_1905,300229,300229.SZ,拓尔思,0,0,0,0,N/A,0,0,0,0,0,0,0
20210222,000653,3031_m_hait_1905,300234,300234.SZ,开尔新材,0,0,0,0,N/A,0,0,0,0,0,0,0
20210222,000653,3031_m_hait_1905,300235,300235.SZ,方直科技,0,0,0,0,N/A,0,0,0,0,0,0,0
20210222,000653,3031_m_hait_1905,300236,300236.SZ,上海新阳,4600,1,0,0,N/A,0,0,0,0,0,0,4600
20210222,000653,3031_m_hait_1905,300237,300237.SZ,美晨生态,0,1,0,0,N/A,0,0,0,0,0,0,0
20210222,000653,3031_m_hait_1905,300238,300238.SZ,冠昊生物,0,0,0,0,N/A,0,0,0,0,0,0,0
20210222,000653,3031_m_hait_1905,300239,300239.SZ,东宝生物,0,0,0,0,N/A,0,0,0,0,0,0,0
20210222,000653,3031_m_hait_1905,300242,300242.SZ,佳云科技,0,0,0,0,N/A,0,0,0,0,0,0,0
20210222,000653,3031_m_hait_1905,300243,300243.SZ,瑞丰高材,0,0,0,0,N/A,0,0,0,0,0,0,0
20210222,000653,3031_m_hait_1905,300247,300247.SZ,融捷健康,0,0,0,0,N/A,0,0,0,0,0,0,0
20210222,000653,3031_m_hait_1905,300248,300248.SZ,新开普,0,0,0,0,N/A,0,0,0,0,0,0,0
20210222,000653,3031_m_hait_1905,300250,300250.SZ,初灵信息,0,0,0,0,N/A,0,0,0,0,0,0,0
20210222,000654,3031_m_hait_1905,300252,300252.SZ,金信诺,0,0,0,0,N/A,0,0,0,0,0,0,0
20210222,000654,3031_m_hait_1905,300254,300254.SZ,仟源医药,0,0,0,0,N/A,0,0,0,0,0,0,0
20210222,000654,3031_m_hait_1905,300256,300256.SZ,星星科技,36000,1,0,0,N/A,0,0,0,0,0,0,36000
20210222,000654,3031_m_hait_1905,300262,300262.SZ,巴安水务,0,0,0,0,N/A,0,0,0,0,0,0,0
20210222,000654,3031_m_hait_1905,300264,300264.SZ,佳创视讯,0,0,0,0,N/A,0,0,0,0,0,0,0
20210222,000654,3031_m_hait_1905,300265,300265.SZ,通光线缆,0,0,0,0,N/A,0,0,0,0,0,0,0
20210222,000654,3031_m_hait_1905,300268,300268.SZ,佳沃股份,0,0,0,0,N/A,0,0,0,0,0,0,0
20210222,000654,3031_m_hait_1905,300269,300269.SZ,联建光电,0,0,0,0,N/A,0,0,0,0,0,0,0
20210222,000654,3031_m_hait_1905,300270,300270.SZ,中威电子,0,0,0,0,N/A,0,0,0,0,0,0,0
20210222,000654,3031_m_hait_1905,300275,300275.SZ,梅安森,0,0,0,0,N/A,0,0,0,0,0,0,0
20210222,000654,3031_m_hait_1905,300276,300276.SZ,三丰智能,0,0,0,0,N/A,0,0,0,0,0,0,0
20210222,000654,3031_m_hait_1905,300277,300277.SZ,海联讯,0,0,0,0,N/A,0,0,0,0,0,0,0
20210222,000654,3031_m_hait_1905,300278,300278.SZ,华昌达,0,0,0,0,N/A,0,0,0,0,0,0,0
20210222,000654,3031_m_hait_1905,300279,300279.SZ,和晶科技,0,0,0,0,N/A,0,0,0,0,0,0,0
20210222,000654,3031_m_hait_1905,300282,300282.SZ,三盛教育,0,0,0,0,N/A,0,0,0,0,0,0,0
20210222,000654,3031_m_hait_1905,300283,300283.SZ,温州宏丰,0,0,0,0,N/A,0,0,0,0,0,0,0
20210222,000654,3031_m_hait_1905,300287,300287.SZ,飞利信,0,1,0,0,N/A,0,0,0,0,0,0,0
20210222,000654,3031_m_hait_1905,300288,300288.SZ,朗玛信息,0,0,0,0,N/A,0,0,0,0,0,0,0
20210222,000654,3031_m_hait_1905,300289,300289.SZ,利德曼,0,0,0,0,N/A,0,0,0,0,0,0,0
20210222,000654,3031_m_hait_1905,300292,300292.SZ,吴通控股,0,0,0,0,N/A,0,0,0,0,0,0,0
20210222,000654,3031_m_hait_1905,300293,300293.SZ,蓝英装备,0,0,0,0,N/A,0,0,0,0,0,0,0
20210222,000654,3031_m_hait_1905,300296,300296.SZ,利亚德,28000,1,0,0,N/A,0,0,0,0,0,0,28000
20210222,000654,3031_m_hait_1905,300297,300297.SZ,蓝盾股份,0,1,0,0,N/A,0,0,0,0,0,0,0
20210222,000654,3031_m_hait_1905,300298,300298.SZ,三诺生物,0,0,0,0,N/A,0,0,0,0,0,0,0
20210222,000654,3031_m_hait_1905,300299,300299.SZ,富春股份,31000,1,0,0,N/A,0,0,0,0,0,0,31000
20210222,000654,3031_m_hait_1905,300300,300300.SZ,海峡创新,0,1,0,0,N/A,0,0,0,0,0,0,0
20210222,000654,3031_m_hait_1905,300301,300301.SZ,长方集团,0,0,0,0,N/A,0,0,0,0,0,0,0
20210222,000654,3031_m_hait_1905,300302,300302.SZ,同有科技,21800,1,0,0,N/A,0,0,0,0,0,0,21800
20210222,000654,3031_m_hait_1905,300304,300304.SZ,云意电气,0,0,0,0,N/A,0,0,0,0,0,0,0
20210222,000654,3031_m_hait_1905,300306,300306.SZ,远方信息,0,0,0,0,N/A,0,0,0,0,0,0,0
20210222,000654,3031_m_hait_1905,300307,300307.SZ,慈星股份,0,0,0,0,N/A,0,0,0,0,0,0,0
20210222,000654,3031_m_hait_1905,300309,300309.SZ,吉艾科技,0,0,0,0,N/A,0,0,0,0,0,0,0
20210222,000654,3031_m_hait_1905,300310,300310.SZ,宜通世纪,0,1,0,0,N/A,0,0,0,0,0,0,0
20210222,000654,3031_m_hait_1905,300311,300311.SZ,任子行,35500,1,0,0,N/A,0,0,0,0,0,0,35500
20210222,000654,3031_m_hait_1905,300312,300312.SZ,邦讯技术,0,0,0,0,N/A,0,0,0,0,0,0,0
20210222,000654,3031_m_hait_1905,300313,300313.SZ,天山生物,0,0,0,0,N/A,0,0,0,0,0,0,0
20210222,000654,3031_m_hait_1905,300314,300314.SZ,戴维医疗,0,0,0,0,N/A,0,0,0,0,0,0,0
20210222,000654,3031_m_hait_1905,300315,300315.SZ,掌趣科技,34700,1,0,0,N/A,0,0,0,0,0,0,34700
20210222,000654,3031_m_hait_1905,300317,300317.SZ,珈伟新能,0,0,0,0,N/A,0,0,0,0,0,0,0
20210222,000654,3031_m_hait_1905,300318,300318.SZ,博晖创新,0,0,0,0,N/A,0,0,0,0,0,0,0
20210222,000654,3031_m_hait_1905,300323,300323.SZ,华灿光电,0,0,0,0,N/A,0,0,0,0,0,0,0
20210222,000654,3031_m_hait_1905,300324,300324.SZ,旋极信息,0,1,0,0,N/A,0,0,0,0,0,0,0
20210222,000654,3031_m_hait_1905,300325,300325.SZ,ST德威,0,0,0,0,N/A,0,0,0,0,0,0,0
20210222,000654,3031_m_hait_1905,300326,300326.SZ,凯利泰,17400,1,0,0,N/A,0,0,0,0,0,0,17400
20210222,000654,3031_m_hait_1905,300328,300328.SZ,宜安科技,26600,1,0,0,N/A,0,0,0,0,0,0,26600
20210222,000654,3031_m_hait_1905,300330,300330.SZ,华虹计通,0,0,0,0,N/A,0,0,0,0,0,0,0
20210222,000654,3031_m_hait_1905,300333,300333.SZ,兆日科技,27100,1,0,0,N/A,0,0,0,0,0,0,27100
20210222,000654,3031_m_hait_1905,300334,300334.SZ,津膜科技,0,0,0,0,N/A,0,0,0,0,0,0,0
20210222,000654,3031_m_hait_1905,300336,300336.SZ,新文化,0,0,0,0,N/A,0,0,0,0,0,0,0
20210222,000654,3031_m_hait_1905,300337,300337.SZ,银邦股份,0,0,0,0,N/A,0,0,0,0,0,0,0
20210222,000654,3031_m_hait_1905,300338,300338.SZ,开元教育,0,0,0,0,N/A,0,0,0,0,0,0,0
20210222,000654,3031_m_hait_1905,300340,300340.SZ,科恒股份,0,0,0,0,N/A,0,0,0,0,0,0,0
20210222,000654,3031_m_hait_1905,300342,300342.SZ,天银机电,18300,1,0,0,N/A,0,0,0,0,0,0,18300
20210222,000654,3031_m_hait_1905,300343,300343.SZ,联创股份,0,1,0,0,N/A,0,0,0,0,0,0,0
20210222,000654,3031_m_hait_1905,300344,300344.SZ,立方数科,0,0,0,0,N/A,0,0,0,0,0,0,0
20210222,000654,3031_m_hait_1905,300345,300345.SZ,华民股份,0,0,0,0,N/A,0,0,0,0,0,0,0
20210222,000654,3031_m_hait_1905,300346,300346.SZ,南大光电,6400,1,0,0,N/A,0,0,0,0,0,0,6400
20210222,000654,3031_m_hait_1905,300350,300350.SZ,华鹏飞,0,0,0,0,N/A,0,0,0,0,0,0,0
20210222,000654,3031_m_hait_1905,300353,300353.SZ,东土科技,29700,1,0,0,N/A,0,0,0,0,0,0,29700
20210222,000654,3031_m_hait_1905,300354,300354.SZ,东华测试,0,0,0,0,N/A,0,0,0,0,0,0,0
20210222,000654,3031_m_hait_1905,300356,300356.SZ,光一科技,0,1,0,0,N/A,0,0,0,0,0,0,0
20210222,000654,3031_m_hait_1905,300364,300364.SZ,中文在线,0,0,0,0,N/A,0,0,0,0,0,0,0
20210222,000654,3031_m_hait_1905,300367,300367.SZ,ST网力,0,0,0,0,N/A,0,0,0,0,0,0,0
20210222,000654,3031_m_hait_1905,300368,300368.SZ,汇金股份,0,0,0,0,N/A,0,0,0,0,0,0,0
20210222,000654,3031_m_hait_1905,300370,300370.SZ,安控科技,0,1,0,0,N/A,0,0,0,0,0,0,0
20210222,000654,3031_m_hait_1905,300374,300374.SZ,中铁装配,0,0,0,0,N/A,0,0,0,0,0,0,0
20210222,000654,3031_m_hait_1905,300375,300375.SZ,鹏翎股份,0,0,0,0,N/A,0,0,0,0,0,0,0
20210222,000654,3031_m_hait_1905,300378,300378.SZ,鼎捷软件,7700,1,0,0,N/A,0,0,0,0,0,0,7700
20210222,000654,3031_m_hait_1905,300380,300380.SZ,安硕信息,0,0,0,0,N/A,0,0,0,0,0,0,0
20210222,000654,3031_m_hait_1905,300382,300382.SZ,斯莱克,0,0,0,0,N/A,0,0,0,0,0,0,0
20210222,000654,3031_m_hait_1905,300384,300384.SZ,三联虹普,0,0,0,0,N/A,0,0,0,0,0,0,0
20210222,000654,3031_m_hait_1905,300385,300385.SZ,雪浪环境,0,0,0,0,N/A,0,0,0,0,0,0,0
20210222,000654,3031_m_hait_1905,300386,300386.SZ,飞天诚信,0,0,0,0,N/A,0,0,0,0,0,0,0
20210222,000654,3031_m_hait_1905,300387,300387.SZ,富邦股份,0,0,0,0,N/A,0,0,0,0,0,0,0
20210222,000654,3031_m_hait_1905,300389,300389.SZ,艾比森,0,0,0,0,N/A,0,0,0,0,0,0,0
20210222,000654,3031_m_hait_1905,300390,300390.SZ,天华超净,0,0,0,0,N/A,0,0,0,0,0,0,0
20210222,000654,3031_m_hait_1905,300392,300392.SZ,腾信股份,0,0,0,0,N/A,0,0,0,0,0,0,0
20210222,000654,3031_m_hait_1905,300393,300393.SZ,中来股份,0,0,0,0,N/A,0,0,0,0,0,0,0
20210222,000654,3031_m_hait_1905,300399,300399.SZ,天利科技,0,0,0,0,N/A,0,0,0,0,0,0,0
20210222,000654,3031_m_hait_1905,300400,300400.SZ,劲拓股份,0,0,0,0,N/A,0,0,0,0,0,0,0
20210222,000654,3031_m_hait_1905,300402,300402.SZ,宝色股份,0,0,0,0,N/A,0,0,0,0,0,0,0
20210222,000654,3031_m_hait_1905,300405,300405.SZ,科隆股份,0,0,0,0,N/A,0,0,0,0,0,0,0
20210222,000654,3031_m_hait_1905,300410,300410.SZ,正业科技,0,0,0,0,N/A,0,0,0,0,0,0,0
20210222,000654,3031_m_hait_1905,300411,300411.SZ,金盾股份,0,0,0,0,N/A,0,0,0,0,0,0,0
20210222,000654,3031_m_hait_1905,300414,300414.SZ,中光防雷,21700,1,0,0,N/A,0,0,0,0,0,0,21700
20210222,000654,3031_m_hait_1905,300415,300415.SZ,伊之密,0,0,0,0,N/A,0,0,0,0,0,0,0
20210222,000654,3031_m_hait_1905,300417,300417.SZ,南华仪器,0,0,0,0,N/A,0,0,0,0,0,0,0
20210222,000654,3031_m_hait_1905,300419,300419.SZ,浩丰科技,0,0,0,0,N/A,0,0,0,0,0,0,0
20210222,000654,3031_m_hait_1905,300424,300424.SZ,航新科技,0,0,0,0,N/A,0,0,0,0,0,0,0
20210222,000654,3031_m_hait_1905,300426,300426.SZ,唐德影视,0,0,0,0,N/A,0,0,0,0,0,0,0
20210222,000654,3031_m_hait_1905,300427,300427.SZ,红相股份,0,0,0,0,N/A,0,0,0,0,0,0,0
20210222,000654,3031_m_hait_1905,300429,300429.SZ,强力新材,16800,1,0,0,N/A,0,0,0,0,0,0,16800
20210222,000654,3031_m_hait_1905,300430,300430.SZ,诚益通,0,0,0,0,N/A,0,0,0,0,0,0,0
20210222,000654,3031_m_hait_1905,300437,300437.SZ,清水源,0,0,0,0,N/A,0,0,0,0,0,0,0
20210222,000654,3031_m_hait_1905,300442,300442.SZ,普丽盛,0,0,0,0,N/A,0,0,0,0,0,0,0
20210222,000654,3031_m_hait_1905,300443,300443.SZ,金雷股份,0,0,0,0,N/A,0,0,0,0,0,0,0
20210222,000654,3031_m_hait_1905,300444,300444.SZ,双杰电气,0,0,0,0,N/A,0,0,0,0,0,0,0
20210222,000654,3031_m_hait_1905,300446,300446.SZ,ST乐凯,0,0,0,0,N/A,0,0,0,0,0,0,0
20210222,000654,3031_m_hait_1905,300447,300447.SZ,全信股份,0,0,0,0,N/A,0,0,0,0,0,0,0
20210222,000654,3031_m_hait_1905,300448,300448.SZ,浩云科技,0,0,0,0,N/A,0,0,0,0,0,0,0
20210222,000654,3031_m_hait_1905,300449,300449.SZ,汉邦高科,0,0,0,0,N/A,0,0,0,0,0,0,0
20210222,000654,3031_m_hait_1905,300452,300452.SZ,山河药辅,0,0,0,0,N/A,0,0,0,0,0,0,0
20210222,000654,3031_m_hait_1905,300459,300459.SZ,金科文化,0,0,0,0,N/A,0,0,0,0,0,0,0
20210222,000654,3031_m_hait_1905,300460,300460.SZ,惠伦晶体,0,0,0,0,N/A,0,0,0,0,0,0,0
20210222,000654,3031_m_hait_1905,300461,300461.SZ,田中精机,0,0,0,0,N/A,0,0,0,0,0,0,0
20210222,000654,3031_m_hait_1905,300462,300462.SZ,华铭智能,0,0,0,0,N/A,0,0,0,0,0,0,0
20210222,000654,3031_m_hait_1905,300465,300465.SZ,高伟达,0,0,0,0,N/A,0,0,0,0,0,0,0
20210222,000654,3031_m_hait_1905,300466,300466.SZ,赛摩智能,0,0,0,0,N/A,0,0,0,0,0,0,0
20210222,000654,3031_m_hait_1905,300467,300467.SZ,迅游科技,0,0,0,0,N/A,0,0,0,0,0,0,0
20210222,000654,3031_m_hait_1905,300468,300468.SZ,四方精创,0,0,0,0,N/A,0,0,0,0,0,0,0
20210222,000654,3031_m_hait_1905,300469,300469.SZ,信息发展,0,0,0,0,N/A,0,0,0,0,0,0,0
20210222,000654,3031_m_hait_1905,300471,300471.SZ,厚普股份,22500,1,0,0,N/A,0,0,0,0,0,0,22500
20210222,000654,3031_m_hait_1905,300473,300473.SZ,德尔股份,0,0,0,0,N/A,0,0,0,0,0,0,0
20210222,000654,3031_m_hait_1905,300475,300475.SZ,聚隆科技,0,0,0,0,N/A,0,0,0,0,0,0,0
20210222,000654,3031_m_hait_1905,300477,300477.SZ,合纵科技,0,0,0,0,N/A,0,0,0,0,0,0,0
20210222,000654,3031_m_hait_1905,300478,300478.SZ,杭州高新,0,0,0,0,N/A,0,0,0,0,0,0,0
20210222,000654,3031_m_hait_1905,300479,300479.SZ,神思电子,0,0,0,0,N/A,0,0,0,0,0,0,0
20210222,000654,3031_m_hait_1905,300480,300480.SZ,光力科技,0,0,0,0,N/A,0,0,0,0,0,0,0
20210222,000654,3031_m_hait_1905,300483,300483.SZ,首华燃气,0,0,0,0,N/A,0,0,0,0,0,0,0
20210222,000654,3031_m_hait_1905,300484,300484.SZ,蓝海华腾,0,0,0,0,N/A,0,0,0,0,0,0,0
20210222,000654,3031_m_hait_1905,300486,300486.SZ,东杰智能,0,0,0,0,N/A,0,0,0,0,0,0,0
20210222,000654,3031_m_hait_1905,300489,300489.SZ,中飞股份,0,0,0,0,N/A,0,0,0,0,0,0,0
20210222,000654,3031_m_hait_1905,300490,300490.SZ,华自科技,0,0,0,0,N/A,0,0,0,0,0,0,0
20210222,000654,3031_m_hait_1905,300491,300491.SZ,通合科技,0,0,0,0,N/A,0,0,0,0,0,0,0
20210222,000654,3031_m_hait_1905,300494,300494.SZ,盛天网络,0,0,0,0,N/A,0,0,0,0,0,0,0
20210222,000654,3031_m_hait_1905,300503,300503.SZ,昊志机电,0,0,0,0,N/A,0,0,0,0,0,0,0
20210222,000654,3031_m_hait_1905,300506,300506.SZ,名家汇,0,0,0,0,N/A,0,0,0,0,0,0,0
20210222,000654,3031_m_hait_1905,300507,300507.SZ,苏奥传感,0,0,0,0,N/A,0,0,0,0,0,0,0
20210222,000654,3031_m_hait_1905,300508,300508.SZ,维宏股份,0,0,0,0,N/A,0,0,0,0,0,0,0
20210222,000654,3031_m_hait_1905,300509,300509.SZ,新美星,0,0,0,0,N/A,0,0,0,0,0,0,0
20210222,000654,3031_m_hait_1905,300510,300510.SZ,金冠股份,0,0,0,0,N/A,0,0,0,0,0,0,0
20210222,000654,3031_m_hait_1905,300511,300511.SZ,雪榕生物,0,0,0,0,N/A,0,0,0,0,0,0,0
20210222,000654,3031_m_hait_1905,300512,300512.SZ,中亚股份,0,0,0,0,N/A,0,0,0,0,0,0,0
20210222,000654,3031_m_hait_1905,300513,300513.SZ,恒实科技,0,0,0,0,N/A,0,0,0,0,0,0,0
20210222,000654,3031_m_hait_1905,300514,300514.SZ,友讯达,0,0,0,0,N/A,0,0,0,0,0,0,0
20210222,000654,3031_m_hait_1905,300517,300517.SZ,海波重科,0,0,0,0,N/A,0,0,0,0,0,0,0
20210222,000654,3031_m_hait_1905,300518,300518.SZ,盛讯达,0,0,0,0,N/A,0,0,0,0,0,0,0
20210222,000654,3031_m_hait_1905,300520,300520.SZ,科大国创,0,0,0,0,N/A,0,0,0,0,0,0,0
20210222,000654,3031_m_hait_1905,300521,300521.SZ,爱司凯,0,0,0,0,N/A,0,0,0,0,0,0,0
20210222,000654,3031_m_hait_1905,300528,300528.SZ,幸福蓝海,0,0,0,0,N/A,0,0,0,0,0,0,0
20210222,000654,3031_m_hait_1905,300530,300530.SZ,达志科技,0,0,0,0,N/A,0,0,0,0,0,0,0
20210222,000654,3031_m_hait_1905,300533,300533.SZ,冰川网络,0,0,0,0,N/A,0,0,0,0,0,0,0
20210222,000654,3031_m_hait_1905,300537,300537.SZ,广信材料,0,0,0,0,N/A,0,0,0,0,0,0,0
20210222,000654,3031_m_hait_1905,300538,300538.SZ,同益股份,0,0,0,0,N/A,0,0,0,0,0,0,0
20210222,000654,3031_m_hait_1905,300539,300539.SZ,横河模具,0,0,0,0,N/A,0,0,0,0,0,0,0
20210222,000654,3031_m_hait_1905,300540,300540.SZ,深冷股份,0,0,0,0,N/A,0,0,0,0,0,0,0
20210222,000654,3031_m_hait_1905,300541,300541.SZ,先进数通,0,0,0,0,N/A,0,0,0,0,0,0,0
20210222,000654,3031_m_hait_1905,300543,300543.SZ,朗科智能,0,0,0,0,N/A,0,0,0,0,0,0,0
20210222,000654,3031_m_hait_1905,300545,300545.SZ,联得装备,0,0,0,0,N/A,0,0,0,0,0,0,0
20210222,000654,3031_m_hait_1905,300546,300546.SZ,雄帝科技,0,0,0,0,N/A,0,0,0,0,0,0,0
20210222,000654,3031_m_hait_1905,300547,300547.SZ,川环科技,0,0,0,0,N/A,0,0,0,0,0,0,0
20210222,000654,3031_m_hait_1905,300548,300548.SZ,博创科技,0,0,0,0,N/A,0,0,0,0,0,0,0
20210222,000654,3031_m_hait_1905,300549,300549.SZ,优德精密,0,0,0,0,N/A,0,0,0,0,0,0,0
20210222,000654,3031_m_hait_1905,300551,300551.SZ,古鳌科技,0,0,0,0,N/A,0,0,0,0,0,0,0
20210222,000654,3031_m_hait_1905,300552,300552.SZ,万集科技,0,0,0,0,N/A,0,0,0,0,0,0,0
20210222,000654,3031_m_hait_1905,300553,300553.SZ,集智股份,0,0,0,0,N/A,0,0,0,0,0,0,0
20210222,000654,3031_m_hait_1905,300560,300560.SZ,中富通,0,0,0,0,N/A,0,0,0,0,0,0,0
20210222,000654,3031_m_hait_1905,300561,300561.SZ,汇金科技,13500,1,0,0,N/A,0,0,0,0,0,0,13500
20210222,000654,3031_m_hait_1905,300566,300566.SZ,激智科技,0,0,0,0,N/A,0,0,0,0,0,0,0
20210222,000654,3031_m_hait_1905,300571,300571.SZ,平治信息,0,0,0,0,N/A,0,0,0,0,0,0,0
20210222,000654,3031_m_hait_1905,300573,300573.SZ,兴齐眼药,0,0,0,0,N/A,0,0,0,0,0,0,0
20210222,000654,3031_m_hait_1905,300576,300576.SZ,容大感光,4900,1,0,0,N/A,0,0,0,0,0,0,4900
20210222,000654,3031_m_hait_1905,300577,300577.SZ,开润股份,0,0,0,0,N/A,0,0,0,0,0,0,0
20210222,000654,3031_m_hait_1905,300581,300581.SZ,晨曦航空,0,0,0,0,N/A,0,0,0,0,0,0,0
20210222,000654,3031_m_hait_1905,300582,300582.SZ,英飞特,0,0,0,0,N/A,0,0,0,0,0,0,0
20210222,000654,3031_m_hait_1905,300584,300584.SZ,海辰药业,0,0,0,0,N/A,0,0,0,0,0,0,0
20210222,000654,3031_m_hait_1905,300586,300586.SZ,美联新材,0,0,0,0,N/A,0,0,0,0,0,0,0
20210222,000654,3031_m_hait_1905,300587,300587.SZ,天铁股份,0,0,0,0,N/A,0,0,0,0,0,0,0
20210222,000654,3031_m_hait_1905,300588,300588.SZ,熙菱信息,0,0,0,0,N/A,0,0,0,0,0,0,0
20210222,000654,3031_m_hait_1905,300589,300589.SZ,江龙船艇,0,0,0,0,N/A,0,0,0,0,0,0,0
20210222,000654,3031_m_hait_1905,300590,300590.SZ,移为通信,0,0,0,0,N/A,0,0,0,0,0,0,0
20210222,000654,3031_m_hait_1905,300591,300591.SZ,万里马,0,0,0,0,N/A,0,0,0,0,0,0,0
20210222,000654,3031_m_hait_1905,300592,300592.SZ,华凯创意,0,0,0,0,N/A,0,0,0,0,0,0,0
20210222,000654,3031_m_hait_1905,300593,300593.SZ,新雷能,0,0,0,0,N/A,0,0,0,0,0,0,0
20210222,000654,3031_m_hait_1905,300595,300595.SZ,欧普康视,1700,1,0,0,N/A,0,0,0,0,0,0,1700
20210222,000654,3031_m_hait_1905,300597,300597.SZ,吉大通信,0,0,0,0,N/A,0,0,0,0,0,0,0
20210222,000654,3031_m_hait_1905,300601,300601.SZ,康泰生物,1200,1,0,0,N/A,0,0,0,0,0,0,1200
20210222,000654,3031_m_hait_1905,300603,300603.SZ,立昂技术,0,0,0,0,N/A,0,0,0,0,0,0,0
20210222,000654,3031_m_hait_1905,300604,300604.SZ,长川科技,0,0,0,0,N/A,0,0,0,0,0,0,0
20210222,000654,3031_m_hait_1905,300606,300606.SZ,金太阳,0,0,0,0,N/A,0,0,0,0,0,0,0
20210222,000654,3031_m_hait_1905,300608,300608.SZ,思特奇,0,0,0,0,N/A,0,0,0,0,0,0,0
20210222,000654,3031_m_hait_1905,300609,300609.SZ,汇纳科技,0,0,0,0,N/A,0,0,0,0,0,0,0
20210222,000654,3031_m_hait_1905,300611,300611.SZ,美力科技,0,0,0,0,N/A,0,0,0,0,0,0,0
20210222,000654,3031_m_hait_1905,300612,300612.SZ,宣亚国际,0,0,0,0,N/A,0,0,0,0,0,0,0
20210222,000654,3031_m_hait_1905,300613,300613.SZ,富瀚微,0,0,0,0,N/A,0,0,0,0,0,0,0
20210222,000654,3031_m_hait_1905,300615,300615.SZ,欣天科技,0,0,0,0,N/A,0,0,0,0,0,0,0
20210222,000654,3031_m_hait_1905,300617,300617.SZ,安靠智电,0,0,0,0,N/A,0,0,0,0,0,0,0
20210222,000654,3031_m_hait_1905,300619,300619.SZ,金银河,0,0,0,0,N/A,0,0,0,0,0,0,0
20210222,000654,3031_m_hait_1905,300620,300620.SZ,光库科技,0,0,0,0,N/A,0,0,0,0,0,0,0
20210222,000654,3031_m_hait_1905,300621,300621.SZ,维业股份,0,0,0,0,N/A,0,0,0,0,0,0,0
20210222,000654,3031_m_hait_1905,300626,300626.SZ,华瑞股份,0,0,0,0,N/A,0,0,0,0,0,0,0
20210222,000654,3031_m_hait_1905,300629,300629.SZ,新劲刚,0,0,0,0,N/A,0,0,0,0,0,0,0
20210222,000654,3031_m_hait_1905,300631,300631.SZ,久吾高科,0,0,0,0,N/A,0,0,0,0,0,0,0
20210222,000654,3031_m_hait_1905,300633,300633.SZ,开立医疗,0,0,0,0,N/A,0,0,0,0,0,0,0
20210222,000654,3031_m_hait_1905,300635,300635.SZ,中达安,0,0,0,0,N/A,0,0,0,0,0,0,0
20210222,000654,3031_m_hait_1905,300637,300637.SZ,扬帆新材,0,0,0,0,N/A,0,0,0,0,0,0,0
20210222,000654,3031_m_hait_1905,300639,300639.SZ,凯普生物,0,0,0,0,N/A,0,0,0,0,0,0,0
20210222,000654,3031_m_hait_1905,300641,300641.SZ,正丹股份,0,0,0,0,N/A,0,0,0,0,0,0,0
20210222,000654,3031_m_hait_1905,300643,300643.SZ,万通智控,0,0,0,0,N/A,0,0,0,0,0,0,0
20210222,000654,3031_m_hait_1905,300644,300644.SZ,南京聚隆,0,0,0,0,N/A,0,0,0,0,0,0,0
20210222,000654,3031_m_hait_1905,300645,300645.SZ,正元智慧,0,0,0,0,N/A,0,0,0,0,0,0,0
20210222,000654,3031_m_hait_1905,300647,300647.SZ,超频三,0,0,0,0,N/A,0,0,0,0,0,0,0
20210222,000654,3031_m_hait_1905,300650,300650.SZ,太龙照明,0,0,0,0,N/A,0,0,0,0,0,0,0
20210222,000654,3031_m_hait_1905,300651,300651.SZ,金陵体育,0,0,0,0,N/A,0,0,0,0,0,0,0
20210222,000654,3031_m_hait_1905,300652,300652.SZ,雷迪克,0,0,0,0,N/A,0,0,0,0,0,0,0
20210222,000654,3031_m_hait_1905,300655,300655.SZ,晶瑞股份,0,0,0,0,N/A,0,0,0,0,0,0,0
20210222,000654,3031_m_hait_1905,300658,300658.SZ,延江股份,0,0,0,0,N/A,0,0,0,0,0,0,0
20210222,000654,3031_m_hait_1905,300659,300659.SZ,中孚信息,0,0,0,0,N/A,0,0,0,0,0,0,0
20210222,000654,3031_m_hait_1905,300665,300665.SZ,飞鹿股份,0,0,0,0,N/A,0,0,0,0,0,0,0
20210222,000654,3031_m_hait_1905,300668,300668.SZ,杰恩设计,0,0,0,0,N/A,0,0,0,0,0,0,0
20210222,000654,3031_m_hait_1905,300671,300671.SZ,富满电子,0,0,0,0,N/A,0,0,0,0,0,0,0
20210222,000654,3031_m_hait_1905,300672,300672.SZ,国科微,0,0,0,0,N/A,0,0,0,0,0,0,0
20210222,000654,3031_m_hait_1905,300675,300675.SZ,建科院,0,0,0,0,N/A,0,0,0,0,0,0,0
20210222,000654,3031_m_hait_1905,300678,300678.SZ,中科信息,0,0,0,0,N/A,0,0,0,0,0,0,0
20210222,000654,3031_m_hait_1905,300681,300681.SZ,英搏尔,0,0,0,0,N/A,0,0,0,0,0,0,0
20210222,000654,3031_m_hait_1905,300688,300688.SZ,创业黑马,0,0,0,0,N/A,0,0,0,0,0,0,0
20210222,000654,3031_m_hait_1905,300690,300690.SZ,双一科技,0,0,0,0,N/A,0,0,0,0,0,0,0
20210222,000654,3031_m_hait_1905,300693,300693.SZ,盛弘股份,0,0,0,0,N/A,0,0,0,0,0,0,0
20210222,000654,3031_m_hait_1905,300698,300698.SZ,万马科技,0,0,0,0,N/A,0,0,0,0,0,0,0
20210222,000654,3031_m_hait_1905,300706,300706.SZ,阿石创,0,0,0,0,N/A,0,0,0,0,0,0,0
20210222,000654,3031_m_hait_1905,300708,300708.SZ,聚灿光电,0,0,0,0,N/A,0,0,0,0,0,0,0
20210222,000654,3031_m_hait_1905,300709,300709.SZ,精研科技,0,0,0,0,N/A,0,0,0,0,0,0,0
20210222,000654,3031_m_hait_1905,300711,300711.SZ,广哈通信,0,0,0,0,N/A,0,0,0,0,0,0,0
20210222,000654,3031_m_hait_1905,300712,300712.SZ,永福股份,0,0,0,0,N/A,0,0,0,0,0,0,0
20210222,000654,3031_m_hait_1905,300713,300713.SZ,英可瑞,0,0,0,0,N/A,0,0,0,0,0,0,0
20210222,000654,3031_m_hait_1905,300716,300716.SZ,国立科技,0,0,0,0,N/A,0,0,0,0,0,0,0
20210222,000654,3031_m_hait_1905,300717,300717.SZ,华信新材,0,0,0,0,N/A,0,0,0,0,0,0,0
20210222,000654,3031_m_hait_1905,300719,300719.SZ,安达维尔,0,0,0,0,N/A,0,0,0,0,0,0,0
20210222,000654,3031_m_hait_1905,300720,300720.SZ,海川智能,0,0,0,0,N/A,0,0,0,0,0,0,0
20210222,000655,3031_m_hait_1905,300721,300721.SZ,怡达股份,0,0,0,0,N/A,0,0,0,0,0,0,0
20210222,000655,3031_m_hait_1905,300722,300722.SZ,新余国科,0,0,0,0,N/A,0,0,0,0,0,0,0
20210222,000655,3031_m_hait_1905,300727,300727.SZ,润禾材料,0,0,0,0,N/A,0,0,0,0,0,0,0
20210222,000655,3031_m_hait_1905,300729,300729.SZ,乐歌股份,0,0,0,0,N/A,0,0,0,0,0,0,0
20210222,000655,3031_m_hait_1905,300731,300731.SZ,科创新源,0,0,0,0,N/A,0,0,0,0,0,0,0
20210222,000655,3031_m_hait_1905,300733,300733.SZ,西菱动力,0,0,0,0,N/A,0,0,0,0,0,0,0
20210222,000655,3031_m_hait_1905,300736,300736.SZ,百邦科技,0,0,0,0,N/A,0,0,0,0,0,0,0
20210222,000655,3031_m_hait_1905,300742,300742.SZ,越博动力,0,0,0,0,N/A,0,0,0,0,0,0,0
20210222,000655,3031_m_hait_1905,300743,300743.SZ,天地数码,0,0,0,0,N/A,0,0,0,0,0,0,0
20210222,000655,3031_m_hait_1905,300745,300745.SZ,欣锐科技,0,0,0,0,N/A,0,0,0,0,0,0,0
20210222,000655,3031_m_hait_1905,300746,300746.SZ,汉嘉设计,0,0,0,0,N/A,0,0,0,0,0,0,0
20210222,000655,3031_m_hait_1905,300749,300749.SZ,顶固集创,0,0,0,0,N/A,0,0,0,0,0,0,0
20210222,000655,3031_m_hait_1905,300752,300752.SZ,隆利科技,0,0,0,0,N/A,0,0,0,0,0,0,0
20210222,000655,3031_m_hait_1905,300756,300756.SZ,金马游乐,0,0,0,0,N/A,0,0,0,0,0,0,0
20210222,000655,3031_m_hait_1905,300757,300757.SZ,罗博特科,0,0,0,0,N/A,0,0,0,0,0,0,0
20210222,000655,3031_m_hait_1905,300763,300763.SZ,锦浪科技,0,0,0,0,N/A,0,0,0,0,0,0,0
20210222,000655,3031_m_hait_1905,300769,300769.SZ,德方纳米,0,0,0,0,N/A,0,0,0,0,0,0,0
20210222,000655,3031_m_hait_1905,300779,300779.SZ,惠城环保,0,0,0,0,N/A,0,0,0,0,0,0,0
20210222,000655,3031_m_hait_1905,300780,300780.SZ,德恩精工,0,0,0,0,N/A,0,0,0,0,0,0,0
20210222,000655,3031_m_hait_1905,300781,300781.SZ,因赛集团,0,0,0,0,N/A,0,0,0,0,0,0,0
20210222,000655,3031_m_hait_1905,300789,300789.SZ,唐源电气,0,0,0,0,N/A,0,0,0,0,0,0,0
20210222,000655,3031_m_hait_1905,300793,300793.SZ,佳禾智能,0,0,0,0,N/A,0,0,0,0,0,0,0
20210222,000655,3031_m_hait_1905,300795,300795.SZ,米奥会展,0,0,0,0,N/A,0,0,0,0,0,0,0
20210222,000655,3031_m_hait_1905,300796,300796.SZ,贝斯美,0,0,0,0,N/A,0,0,0,0,0,0,0
20210222,000655,3031_m_hait_1905,300797,300797.SZ,钢研纳克,0,0,0,0,N/A,0,0,0,0,0,0,0
20210222,000655,3031_m_hait_1905,300798,300798.SZ,锦鸡股份,0,0,0,0,N/A,0,0,0,0,0,0,0
20210222,000655,3031_m_hait_1905,300802,300802.SZ,矩子科技,0,0,0,0,N/A,0,0,0,0,0,0,0
20210222,000655,3031_m_hait_1905,300803,300803.SZ,指南针,0,0,0,0,N/A,0,0,0,0,0,0,0
20210222,000655,3031_m_hait_1905,300805,300805.SZ,电声股份,0,0,0,0,N/A,0,0,0,0,0,0,0
20210222,000655,3031_m_hait_1905,300807,300807.SZ,天迈科技,0,0,0,0,N/A,0,0,0,0,0,0,0
20210222,000655,3031_m_hait_1905,300808,300808.SZ,久量股份,0,0,0,0,N/A,0,0,0,0,0,0,0
20210222,000655,3031_m_hait_1905,300809,300809.SZ,华辰装备,0,0,0,0,N/A,0,0,0,0,0,0,0
20210222,000655,3031_m_hait_1905,300811,300811.SZ,铂科新材,0,0,0,0,N/A,0,0,0,0,0,0,0
20210222,000655,3031_m_hait_1905,300812,300812.SZ,易天股份,0,0,0,0,N/A,0,0,0,0,0,0,0
20210222,000655,3031_m_hait_1905,300813,300813.SZ,泰林生物,0,0,0,0,N/A,0,0,0,0,0,0,0
20210222,000655,3031_m_hait_1905,300817,300817.SZ,双飞股份,0,0,0,0,N/A,0,0,0,0,0,0,0
20210222,000655,3031_m_hait_1905,300818,300818.SZ,耐普矿机,0,0,0,0,N/A,0,0,0,0,0,0,0
20210222,000655,3031_m_hait_1905,300820,300820.SZ,英杰电气,0,0,0,0,N/A,0,0,0,0,0,0,0
20210222,000655,3031_m_hait_1905,600006,600006.SH,东风汽车,27100,1,0,0,N/A,0,0,0,0,0,0,27100
20210222,000655,3031_m_hait_1905,600055,600055.SH,万东医疗,15200,1,0,0,N/A,0,0,0,0,0,0,15200
20210222,000655,3031_m_hait_1905,600059,600059.SH,古越龙山,15900,1,0,0,N/A,0,0,0,0,0,0,15900
20210222,000655,3031_m_hait_1905,600066,600066.SH,宇通客车,11600,1,0,0,N/A,0,0,0,0,0,0,11600
20210222,000655,3031_m_hait_1905,600070,600070.SH,浙江富润,0,0,0,0,N/A,0,0,0,0,0,0,0
20210222,000655,3031_m_hait_1905,600081,600081.SH,东风科技,16000,1,0,0,N/A,0,0,0,0,0,0,16000
20210222,000655,3031_m_hait_1905,600083,600083.SH,*ST博信,0,0,0,0,N/A,0,0,0,0,0,0,0
20210222,000655,3031_m_hait_1905,600086,600086.SH,退市金钰,0,0,0,0,N/A,0,0,0,0,0,0,0
20210222,000655,3031_m_hait_1905,600090,600090.SH,*ST济堂,0,0,0,0,N/A,0,0,0,0,0,0,0
20210222,000655,3031_m_hait_1905,600091,600091.SH,ST明科,0,0,0,0,N/A,0,0,0,0,0,0,0
20210222,000655,3031_m_hait_1905,600095,600095.SH,湘财股份,0,0,0,0,N/A,0,0,0,0,0,0,0
20210222,000655,3031_m_hait_1905,600099,600099.SH,林海股份,0,0,0,0,N/A,0,0,0,0,0,0,0
20210222,000655,3031_m_hait_1905,600105,600105.SH,永鼎股份,0,1,0,0,N/A,0,0,0,0,0,0,0
20210222,000655,3031_m_hait_1905,600107,600107.SH,美尔雅,24300,1,0,0,N/A,0,0,0,0,0,0,24300
20210222,000655,3031_m_hait_1905,600108,600108.SH,亚盛集团,0,1,0,0,N/A,0,0,0,0,0,0,0
20210222,000655,3031_m_hait_1905,600110,600110.SH,诺德股份,21700,1,0,0,N/A,0,0,0,0,0,0,21700
20210222,000655,3031_m_hait_1905,600111,600111.SH,北方稀土,10200,1,0,0,N/A,0,0,0,0,0,0,10200
20210222,000655,3031_m_hait_1905,600112,600112.SH,ST天成,0,0,0,0,N/A,0,0,0,0,0,0,0
20210222,000655,3031_m_hait_1905,600121,600121.SH,郑州煤电,0,0,0,0,N/A,0,0,0,0,0,0,0
20210222,000655,3031_m_hait_1905,600129,600129.SH,太极集团,14000,1,0,0,N/A,0,0,0,0,0,0,14000
20210222,000655,3031_m_hait_1905,600136,600136.SH,当代文体,33300,1,0,0,N/A,0,0,0,0,0,0,33300
20210222,000655,3031_m_hait_1905,600139,600139.SH,西部资源,0,1,0,0,N/A,0,0,0,0,0,0,0
20210222,000655,3031_m_hait_1905,600146,600146.SH,*ST环球,0,0,0,0,N/A,0,0,0,0,0,0,0
20210222,000655,3031_m_hait_1905,600151,600151.SH,航天机电,21500,1,0,0,N/A,0,0,0,0,0,0,21500
20210222,000655,3031_m_hait_1905,600156,600156.SH,华升股份,0,0,0,0,N/A,0,0,0,0,0,0,0
20210222,000655,3031_m_hait_1905,600158,600158.SH,中体产业,17300,1,0,0,N/A,0,0,0,0,0,0,17300
20210222,000655,3031_m_hait_1905,600165,600165.SH,新日恒力,0,0,0,0,N/A,0,0,0,0,0,0,0
20210222,000655,3031_m_hait_1905,600166,600166.SH,福田汽车,0,1,0,0,N/A,0,0,0,0,0,0,0
20210222,000655,3031_m_hait_1905,600172,600172.SH,黄河旋风,0,1,0,0,N/A,0,0,0,0,0,0,0
20210222,000655,3031_m_hait_1905,600185,600185.SH,格力地产,30000,1,0,0,N/A,0,0,0,0,0,0,30000
20210222,000655,3031_m_hait_1905,600189,600189.SH,泉阳泉,0,0,0,0,N/A,0,0,0,0,0,0,0
20210222,000655,3031_m_hait_1905,600191,600191.SH,华资实业,0,1,0,0,N/A,0,0,0,0,0,0,0
20210222,000655,3031_m_hait_1905,600192,600192.SH,长城电工,0,0,0,0,N/A,0,0,0,0,0,0,0
20210222,000655,3031_m_hait_1905,600198,600198.SH,大唐电信,31300,1,0,0,N/A,0,0,0,0,0,0,31300
20210222,000655,3031_m_hait_1905,600199,600199.SH,金种子酒,15100,1,0,0,N/A,0,0,0,0,0,0,15100
20210222,000655,3031_m_hait_1905,600203,600203.SH,福日电子,0,0,0,0,N/A,0,0,0,0,0,0,0
20210222,000655,3031_m_hait_1905,600207,600207.SH,安彩高科,0,0,0,0,N/A,0,0,0,0,0,0,0
20210222,000655,3031_m_hait_1905,600209,600209.SH,ST罗顿,0,0,0,0,N/A,0,0,0,0,0,0,0
20210222,000655,3031_m_hait_1905,600213,600213.SH,亚星客车,30700,1,0,0,N/A,0,0,0,0,0,0,30700
20210222,000655,3031_m_hait_1905,600219,600219.SH,南山铝业,0,1,0,0,N/A,0,0,0,0,0,0,0
20210222,000655,3031_m_hait_1905,600223,600223.SH,鲁商发展,14200,1,0,0,N/A,0,0,0,0,0,0,14200
20210222,000655,3031_m_hait_1905,600225,600225.SH,*ST松江,0,0,0,0,N/A,0,0,0,0,0,0,0
20210222,000655,3031_m_hait_1905,600228,600228.SH,ST昌九,0,0,0,0,N/A,0,0,0,0,0,0,0
20210222,000655,3031_m_hait_1905,600230,600230.SH,沧州大化,14400,1,0,0,N/A,0,0,0,0,0,0,14400
20210222,000655,3031_m_hait_1905,600237,600237.SH,铜峰电子,37200,1,0,0,N/A,0,0,0,0,0,0,37200
20210222,000655,3031_m_hait_1905,600239,600239.SH,云南城投,0,1,0,0,N/A,0,0,0,0,0,0,0
20210222,000655,3031_m_hait_1905,600241,600241.SH,*ST时万,0,0,0,0,N/A,0,0,0,0,0,0,0
20210222,000655,3031_m_hait_1905,600242,600242.SH,*ST中昌,0,0,0,0,N/A,0,0,0,0,0,0,0
20210222,000655,3031_m_hait_1905,600247,600247.SH,*ST成城,0,0,0,0,N/A,0,0,0,0,0,0,0
20210222,000655,3031_m_hait_1905,600250,600250.SH,南纺股份,0,0,0,0,N/A,0,0,0,0,0,0,0
20210222,000655,3031_m_hait_1905,600257,600257.SH,大湖股份,0,1,0,0,N/A,0,0,0,0,0,0,0
20210222,000655,3031_m_hait_1905,600259,600259.SH,广晟有色,5300,1,0,0,N/A,0,0,0,0,0,0,5300
20210222,000655,3031_m_hait_1905,600275,600275.SH,ST昌鱼,0,0,0,0,N/A,0,0,0,0,0,0,0
20210222,000655,3031_m_hait_1905,600280,600280.SH,*ST中商,0,0,0,0,N/A,0,0,0,0,0,0,0
20210222,000655,3031_m_hait_1905,600281,600281.SH,太化股份,0,0,0,0,N/A,0,0,0,0,0,0,0
20210222,000655,3031_m_hait_1905,600289,600289.SH,*ST信通,0,0,0,0,N/A,0,0,0,0,0,0,0
20210222,000655,3031_m_hait_1905,600290,600290.SH,*ST华仪,0,0,0,0,N/A,0,0,0,0,0,0,0
20210222,000655,3031_m_hait_1905,600291,600291.SH,西水股份,0,1,0,0,N/A,0,0,0,0,0,0,0
20210222,000655,3031_m_hait_1905,600292,600292.SH,远达环保,29200,1,0,0,N/A,0,0,0,0,0,0,29200
20210222,000655,3031_m_hait_1905,600293,600293.SH,三峡新材,0,1,0,0,N/A,0,0,0,0,0,0,0
20210222,000655,3031_m_hait_1905,600295,600295.SH,鄂尔多斯,13600,1,0,0,N/A,0,0,0,0,0,0,13600
20210222,000655,3031_m_hait_1905,600303,600303.SH,曙光股份,0,1,0,0,N/A,0,0,0,0,0,0,0
20210222,000655,3031_m_hait_1905,600306,600306.SH,*ST商城,0,0,0,0,N/A,0,0,0,0,0,0,0
20210222,000655,3031_m_hait_1905,600311,600311.SH,*ST荣华,0,0,0,0,N/A,0,0,0,0,0,0,0
20210222,000655,3031_m_hait_1905,600313,600313.SH,农发种业,0,0,0,0,N/A,0,0,0,0,0,0,0
20210222,000655,3031_m_hait_1905,600315,600315.SH,上海家化,3900,1,0,0,N/A,0,0,0,0,0,0,3900
20210222,000655,3031_m_hait_1905,600318,600318.SH,新力金融,26100,1,0,0,N/A,0,0,0,0,0,0,26100
20210222,000655,3031_m_hait_1905,600319,600319.SH,ST亚星,0,0,0,0,N/A,0,0,0,0,0,0,0
20210222,000655,3031_m_hait_1905,600321,600321.SH,正源股份,0,0,0,0,N/A,0,0,0,0,0,0,0
20210222,000655,3031_m_hait_1905,600322,600322.SH,天房发展,0,1,0,0,N/A,0,0,0,0,0,0,0
20210222,000655,3031_m_hait_1905,600331,600331.SH,宏达股份,0,1,0,0,N/A,0,0,0,0,0,0,0
20210222,000655,3031_m_hait_1905,600333,600333.SH,长春燃气,0,1,0,0,N/A,0,0,0,0,0,0,0
20210222,000655,3031_m_hait_1905,600335,600335.SH,国机汽车,0,1,0,0,N/A,0,0,0,0,0,0,0
20210222,000655,3031_m_hait_1905,600336,600336.SH,澳柯玛,27600,1,0,0,N/A,0,0,0,0,0,0,27600
20210222,000655,3031_m_hait_1905,600338,600338.SH,西藏珠峰,0,0,0,0,N/A,0,0,0,0,0,0,0
20210222,000655,3031_m_hait_1905,600355,600355.SH,精伦电子,0,0,0,0,N/A,0,0,0,0,0,0,0
20210222,000655,3031_m_hait_1905,600360,600360.SH,华微电子,29200,1,0,0,N/A,0,0,0,0,0,0,29200
20210222,000655,3031_m_hait_1905,600362,600362.SH,江西铜业,7500,1,0,0,N/A,0,0,0,0,0,0,7500
20210222,000655,3031_m_hait_1905,600363,600363.SH,联创光电,9000,1,0,0,N/A,0,0,0,0,0,0,9000
20210222,000655,3031_m_hait_1905,600365,600365.SH,ST通葡,0,0,0,0,N/A,0,0,0,0,0,0,0
20210222,000655,3031_m_hait_1905,600381,600381.SH,青海春天,0,0,0,0,N/A,0,0,0,0,0,0,0
20210222,000655,3031_m_hait_1905,600391,600391.SH,航发科技,9600,1,0,0,N/A,0,0,0,0,0,0,9600
20210222,000655,3031_m_hait_1905,600392,600392.SH,盛和资源,8100,1,0,0,N/A,0,0,0,0,0,0,8100
20210222,000655,3031_m_hait_1905,600393,600393.SH,粤泰股份,0,0,0,0,N/A,0,0,0,0,0,0,0
20210222,000655,3031_m_hait_1905,600396,600396.SH,金山股份,0,0,0,0,N/A,0,0,0,0,0,0,0
20210222,000655,3031_m_hait_1905,600397,600397.SH,安源煤业,0,0,0,0,N/A,0,0,0,0,0,0,0
20210222,000655,3031_m_hait_1905,600403,600403.SH,大有能源,0,1,0,0,N/A,0,0,0,0,0,0,0
20210222,000655,3031_m_hait_1905,600405,600405.SH,动力源,0,0,0,0,N/A,0,0,0,0,0,0,0
20210222,000655,3031_m_hait_1905,600408,600408.SH,ST安泰,0,0,0,0,N/A,0,0,0,0,0,0,0
20210222,000655,3031_m_hait_1905,600409,600409.SH,三友化工,13900,1,0,0,N/A,0,0,0,0,0,0,13900
20210222,000655,3031_m_hait_1905,600421,600421.SH,ST华嵘,0,0,0,0,N/A,0,0,0,0,0,0,0
20210222,000655,3031_m_hait_1905,600423,600423.SH,ST柳化,0,0,0,0,N/A,0,0,0,0,0,0,0
20210222,000655,3031_m_hait_1905,600428,600428.SH,中远海特,0,1,0,0,N/A,0,0,0,0,0,0,0
20210222,000655,3031_m_hait_1905,600433,600433.SH,冠豪高新,35100,1,0,0,N/A,0,0,0,0,0,0,35100
20210222,000655,3031_m_hait_1905,600444,600444.SH,国机通用,0,0,0,0,N/A,0,0,0,0,0,0,0
20210222,000655,3031_m_hait_1905,600468,600468.SH,百利电气,0,0,0,0,N/A,0,0,0,0,0,0,0
20210222,000655,3031_m_hait_1905,600481,600481.SH,双良节能,0,1,0,0,N/A,0,0,0,0,0,0,0
20210222,000655,3031_m_hait_1905,600497,600497.SH,驰宏锌锗,34500,1,0,0,N/A,0,0,0,0,0,0,34500
20210222,000655,3031_m_hait_1905,600506,600506.SH,香梨股份,0,0,0,0,N/A,0,0,0,0,0,0,0
20210222,000655,3031_m_hait_1905,600509,600509.SH,天富能源,0,1,0,0,N/A,0,0,0,0,0,0,0
20210222,000655,3031_m_hait_1905,600518,600518.SH,ST康美,0,0,0,0,N/A,0,0,0,0,0,0,0
20210222,000655,3031_m_hait_1905,600520,600520.SH,文一科技,0,0,0,0,N/A,0,0,0,0,0,0,0
20210222,000655,3031_m_hait_1905,600531,600531.SH,豫光金铅,33400,1,0,0,N/A,0,0,0,0,0,0,33400
20210222,000655,3031_m_hait_1905,600532,600532.SH,未来股份,13400,1,0,0,N/A,0,0,0,0,0,0,13400
20210222,000655,3031_m_hait_1905,600536,600536.SH,中国软件,3400,1,0,0,N/A,0,0,0,0,0,0,3400
20210222,000655,3031_m_hait_1905,600537,600537.SH,亿晶光电,0,1,0,0,N/A,0,0,0,0,0,0,0
20210222,000655,3031_m_hait_1905,600539,600539.SH,ST狮头,0,0,0,0,N/A,0,0,0,0,0,0,0
20210222,000655,3031_m_hait_1905,600540,600540.SH,新赛股份,0,0,0,0,N/A,0,0,0,0,0,0,0
20210222,000655,3031_m_hait_1905,600543,600543.SH,莫高股份,27900,1,0,0,N/A,0,0,0,0,0,0,27900
20210222,000655,3031_m_hait_1905,600545,600545.SH,卓郎智能,0,1,0,0,N/A,0,0,0,0,0,0,0
20210222,000655,3031_m_hait_1905,600546,600546.SH,山煤国际,29400,1,0,0,N/A,0,0,0,0,0,0,29400
20210222,000655,3031_m_hait_1905,600549,600549.SH,厦门钨业,9000,1,0,0,N/A,0,0,0,0,0,0,9000
20210222,000655,3031_m_hait_1905,600555,600555.SH,*ST海创,0,0,0,0,N/A,0,0,0,0,0,0,0
20210222,000655,3031_m_hait_1905,600561,600561.SH,江西长运,0,0,0,0,N/A,0,0,0,0,0,0,0
20210222,000655,3031_m_hait_1905,600576,600576.SH,祥源文化,0,0,0,0,N/A,0,0,0,0,0,0,0
20210222,000655,3031_m_hait_1905,600586,600586.SH,金晶科技,0,0,0,0,N/A,0,0,0,0,0,0,0
20210222,000655,3031_m_hait_1905,600589,600589.SH,广东榕泰,0,0,0,0,N/A,0,0,0,0,0,0,0
20210222,000655,3031_m_hait_1905,600593,600593.SH,大连圣亚,0,0,0,0,N/A,0,0,0,0,0,0,0
20210222,000655,3031_m_hait_1905,600595,600595.SH,*ST中孚,0,0,0,0,N/A,0,0,0,0,0,0,0
20210222,000655,3031_m_hait_1905,600596,600596.SH,新安股份,15700,1,0,0,N/A,0,0,0,0,0,0,15700
20210222,000655,3031_m_hait_1905,600599,600599.SH,*ST熊猫,0,0,0,0,N/A,0,0,0,0,0,0,0
20210222,000655,3031_m_hait_1905,600604,600604.SH,市北高新,32400,1,0,0,N/A,0,0,0,0,0,0,32400
20210222,000655,3031_m_hait_1905,600609,600609.SH,金杯汽车,0,1,0,0,N/A,0,0,0,0,0,0,0
20210222,000655,3031_m_hait_1905,600613,600613.SH,神奇制药,0,0,0,0,N/A,0,0,0,0,0,0,0
20210222,000655,3031_m_hait_1905,600616,600616.SH,金枫酒业,27600,1,0,0,N/A,0,0,0,0,0,0,27600
20210222,000655,3031_m_hait_1905,600630,600630.SH,龙头股份,0,0,0,0,N/A,0,0,0,0,0,0,0
20210222,000655,3031_m_hait_1905,600638,600638.SH,新黄浦,0,0,0,0,N/A,0,0,0,0,0,0,0
20210222,000655,3031_m_hait_1905,600645,600645.SH,中源协和,10200,1,0,0,N/A,0,0,0,0,0,0,10200
20210222,000655,3031_m_hait_1905,600647,600647.SH,同达创业,0,0,0,0,N/A,0,0,0,0,0,0,0
20210222,000655,3031_m_hait_1905,600652,600652.SH,ST游久,0,0,0,0,N/A,0,0,0,0,0,0,0
20210222,000655,3031_m_hait_1905,600653,600653.SH,申华控股,0,1,0,0,N/A,0,0,0,0,0,0,0
20210222,000655,3031_m_hait_1905,600654,600654.SH,ST中安,0,0,0,0,N/A,0,0,0,0,0,0,0
20210222,000655,3031_m_hait_1905,600666,600666.SH,ST瑞德,0,0,0,0,N/A,0,0,0,0,0,0,0
20210222,000655,3031_m_hait_1905,600671,600671.SH,*ST目药,0,0,0,0,N/A,0,0,0,0,0,0,0
20210222,000655,3031_m_hait_1905,600684,600684.SH,珠江实业,0,1,0,0,N/A,0,0,0,0,0,0,0
20210222,000655,3031_m_hait_1905,600686,600686.SH,金龙汽车,29400,1,0,0,N/A,0,0,0,0,0,0,29400
20210222,000655,3031_m_hait_1905,600687,600687.SH,退市刚泰,0,0,0,0,N/A,0,0,0,0,0,0,0
20210222,000655,3031_m_hait_1905,600689,600689.SH,上海三毛,0,0,0,0,N/A,0,0,0,0,0,0,0
20210222,000655,3031_m_hait_1905,600691,600691.SH,阳煤化工,0,1,0,0,N/A,0,0,0,0,0,0,0
20210222,000655,3031_m_hait_1905,600695,600695.SH,绿庭投资,0,1,0,0,N/A,0,0,0,0,0,0,0
20210222,000655,3031_m_hait_1905,600707,600707.SH,彩虹股份,25100,1,0,0,N/A,0,0,0,0,0,0,25100
20210222,000655,3031_m_hait_1905,600711,600711.SH,盛屯矿业,22100,1,0,0,N/A,0,0,0,0,0,0,22100
20210222,000655,3031_m_hait_1905,600712,600712.SH,南宁百货,0,0,0,0,N/A,0,0,0,0,0,0,0
20210222,000655,3031_m_hait_1905,600715,600715.SH,文投控股,0,0,0,0,N/A,0,0,0,0,0,0,0
20210222,000655,3031_m_hait_1905,600719,600719.SH,大连热电,0,0,0,0,N/A,0,0,0,0,0,0,0
20210222,000655,3031_m_hait_1905,600721,600721.SH,ST百花,0,0,0,0,N/A,0,0,0,0,0,0,0
20210222,000655,3031_m_hait_1905,600722,600722.SH,金牛化工,32000,1,0,0,N/A,0,0,0,0,0,0,32000
20210222,000655,3031_m_hait_1905,600723,600723.SH,首商股份,0,0,0,0,N/A,0,0,0,0,0,0,0
20210222,000655,3031_m_hait_1905,600726,600726.SH,华电能源,0,0,0,0,N/A,0,0,0,0,0,0,0
20210222,000655,3031_m_hait_1905,600733,600733.SH,北汽蓝谷,22500,1,0,0,N/A,0,0,0,0,0,0,22500
20210222,000655,3031_m_hait_1905,600734,600734.SH,*ST实达,0,0,0,0,N/A,0,0,0,0,0,0,0
20210222,000655,3031_m_hait_1905,600740,600740.SH,山西焦化,30000,1,0,0,N/A,0,0,0,0,0,0,30000
20210222,000655,3031_m_hait_1905,600744,600744.SH,华银电力,0,1,0,0,N/A,0,0,0,0,0,0,0
20210222,000655,3031_m_hait_1905,600746,600746.SH,江苏索普,0,0,0,0,N/A,0,0,0,0,0,0,0
20210222,000655,3031_m_hait_1905,600751,600751.SH,海航科技,0,1,0,0,N/A,0,0,0,0,0,0,0
20210222,000655,3031_m_hait_1905,600753,600753.SH,东方银星,0,0,0,0,N/A,0,0,0,0,0,0,0
20210222,000655,3031_m_hait_1905,600759,600759.SH,洲际油气,0,1,0,0,N/A,0,0,0,0,0,0,0
20210222,000655,3031_m_hait_1905,600766,600766.SH,园城黄金,0,1,0,0,N/A,0,0,0,0,0,0,0
20210222,000655,3031_m_hait_1905,600768,600768.SH,宁波富邦,0,0,0,0,N/A,0,0,0,0,0,0,0
20210222,000655,3031_m_hait_1905,600773,600773.SH,西藏城投,22900,1,0,0,N/A,0,0,0,0,0,0,22900
20210222,000655,3031_m_hait_1905,600778,600778.SH,友好集团,0,0,0,0,N/A,0,0,0,0,0,0,0
20210222,000655,3031_m_hait_1905,600781,600781.SH,*ST辅仁,0,0,0,0,N/A,0,0,0,0,0,0,0
20210222,000655,3031_m_hait_1905,600791,600791.SH,京能置业,0,0,0,0,N/A,0,0,0,0,0,0,0
20210222,000655,3031_m_hait_1905,600792,600792.SH,云煤能源,0,0,0,0,N/A,0,0,0,0,0,0,0
20210222,000655,3031_m_hait_1905,600793,600793.SH,宜宾纸业,0,0,0,0,N/A,0,0,0,0,0,0,0
20210222,000655,3031_m_hait_1905,600796,600796.SH,钱江生化,0,0,0,0,N/A,0,0,0,0,0,0,0
20210222,000655,3031_m_hait_1905,600800,600800.SH,渤海化学,38900,1,0,0,N/A,0,0,0,0,0,0,38900
20210222,000655,3031_m_hait_1905,600805,600805.SH,悦达投资,0,1,0,0,N/A,0,0,0,0,0,0,0
20210222,000655,3031_m_hait_1905,600807,600807.SH,济南高新,0,0,0,0,N/A,0,0,0,0,0,0,0
20210222,000655,3031_m_hait_1905,600810,600810.SH,神马股份,16300,1,0,0,N/A,0,0,0,0,0,0,16300
20210222,000655,3031_m_hait_1905,600816,600816.SH,*ST安信,0,0,0,0,N/A,0,0,0,0,0,0,0
20210222,000655,3031_m_hait_1905,600818,600818.SH,中路股份,0,0,0,0,N/A,0,0,0,0,0,0,0
20210222,000655,3031_m_hait_1905,600844,600844.SH,丹化科技,0,0,0,0,N/A,0,0,0,0,0,0,0
20210222,000655,3031_m_hait_1905,600847,600847.SH,万里股份,0,0,0,0,N/A,0,0,0,0,0,0,0
20210222,000655,3031_m_hait_1905,600856,600856.SH,*ST中天,0,0,0,0,N/A,0,0,0,0,0,0,0
20210222,000655,3031_m_hait_1905,600861,600861.SH,北京城乡,0,0,0,0,N/A,0,0,0,0,0,0,0
20210222,000655,3031_m_hait_1905,600869,600869.SH,远东股份,0,1,0,0,N/A,0,0,0,0,0,0,0
20210222,000655,3031_m_hait_1905,600870,600870.SH,ST厦华,0,0,0,0,N/A,0,0,0,0,0,0,0
20210222,000655,3031_m_hait_1905,600883,600883.SH,博闻科技,0,0,0,0,N/A,0,0,0,0,0,0,0
20210222,000655,3031_m_hait_1905,600889,600889.SH,南京化纤,0,0,0,0,N/A,0,0,0,0,0,0,0
20210222,000655,3031_m_hait_1905,600890,600890.SH,中房股份,0,0,0,0,N/A,0,0,0,0,0,0,0
20210222,000655,3031_m_hait_1905,600898,600898.SH,*ST美讯,0,0,0,0,N/A,0,0,0,0,0,0,0
20210222,000655,3031_m_hait_1905,600960,600960.SH,渤海汽车,0,0,0,0,N/A,0,0,0,0,0,0,0
20210222,000655,3031_m_hait_1905,600976,600976.SH,健民集团,7500,1,0,0,N/A,0,0,0,0,0,0,7500
20210222,000655,3031_m_hait_1905,600978,600978.SH,*ST宜生,0,0,0,0,N/A,0,0,0,0,0,0,0
20210222,000655,3031_m_hait_1905,600980,600980.SH,北矿科技,0,0,0,0,N/A,0,0,0,0,0,0,0
20210222,000655,3031_m_hait_1905,600984,600984.SH,建设机械,0,0,0,0,N/A,0,0,0,0,0,0,0
20210222,000655,3031_m_hait_1905,600997,600997.SH,开滦股份,23900,1,0,0,N/A,0,0,0,0,0,0,23900
20210222,000655,3031_m_hait_1905,601015,601015.SH,陕西黑猫,18100,1,0,0,N/A,0,0,0,0,0,0,18100
20210222,000655,3031_m_hait_1905,601016,601016.SH,节能风电,0,1,0,0,N/A,0,0,0,0,0,0,0
20210222,000655,3031_m_hait_1905,601020,601020.SH,华钰矿业,21400,1,0,0,N/A,0,0,0,0,0,0,21400
20210222,000655,3031_m_hait_1905,601038,601038.SH,一拖股份,22600,1,0,0,N/A,0,0,0,0,0,0,22600
20210222,000656,3031_m_hait_1905,601068,601068.SH,中铝国际,0,0,0,0,N/A,0,0,0,0,0,0,0
20210222,000656,3031_m_hait_1905,601127,601127.SH,小康股份,12800,1,0,0,N/A,0,0,0,0,0,0,12800
20210222,000656,3031_m_hait_1905,601168,601168.SH,西部矿业,11000,1,0,0,N/A,0,0,0,0,0,0,11000
20210222,000656,3031_m_hait_1905,601216,601216.SH,君正集团,32200,1,0,0,N/A,0,0,0,0,0,0,32200
20210222,000656,3031_m_hait_1905,601218,601218.SH,吉鑫科技,0,1,0,0,N/A,0,0,0,0,0,0,0
20210222,000656,3031_m_hait_1905,601222,601222.SH,林洋能源,27600,1,0,0,N/A,0,0,0,0,0,0,27600
20210222,000656,3031_m_hait_1905,601388,601388.SH,怡球资源,0,1,0,0,N/A,0,0,0,0,0,0,0
20210222,000656,3031_m_hait_1905,601566,601566.SH,九牧王,19200,1,0,0,N/A,0,0,0,0,0,0,19200
20210222,000656,3031_m_hait_1905,601599,601599.SH,鹿港文化,0,0,0,0,N/A,0,0,0,0,0,0,0
20210222,000656,3031_m_hait_1905,601619,601619.SH,嘉泽新能,0,0,0,0,N/A,0,0,0,0,0,0,0
20210222,000656,3031_m_hait_1905,601717,601717.SH,郑煤机,13900,1,0,0,N/A,0,0,0,0,0,0,13900
20210222,000656,3031_m_hait_1905,601798,601798.SH,蓝科高新,0,0,0,0,N/A,0,0,0,0,0,0,0
20210222,000656,3031_m_hait_1905,601866,601866.SH,中远海发,0,1,0,0,N/A,0,0,0,0,0,0,0
20210222,000656,3031_m_hait_1905,601899,601899.SH,紫金矿业,14700,1,0,0,N/A,0,0,0,0,0,0,14700
20210222,000656,3031_m_hait_1905,601908,601908.SH,京运通,22400,1,0,0,N/A,0,0,0,0,0,0,22400
20210222,000656,3031_m_hait_1905,601919,601919.SH,中远海控,16400,1,0,0,N/A,0,0,0,0,0,0,16400
20210222,000656,3031_m_hait_1905,603007,603007.SH,花王股份,0,0,0,0,N/A,0,0,0,0,0,0,0
20210222,000656,3031_m_hait_1905,603016,603016.SH,新宏泰,0,0,0,0,N/A,0,0,0,0,0,0,0
20210222,000656,3031_m_hait_1905,603021,603021.SH,山东华鹏,0,0,0,0,N/A,0,0,0,0,0,0,0
20210222,000656,3031_m_hait_1905,603022,603022.SH,新通联,0,0,0,0,N/A,0,0,0,0,0,0,0
20210222,000656,3031_m_hait_1905,603023,603023.SH,威帝股份,0,0,0,0,N/A,0,0,0,0,0,0,0
20210222,000656,3031_m_hait_1905,603025,603025.SH,大豪科技,8800,1,0,0,N/A,0,0,0,0,0,0,8800
20210222,000656,3031_m_hait_1905,603026,603026.SH,石大胜华,3400,1,0,0,N/A,0,0,0,0,0,0,3400
20210222,000656,3031_m_hait_1905,603032,603032.SH,德新交运,24200,1,0,0,N/A,0,0,0,0,0,0,24200
20210222,000656,3031_m_hait_1905,603058,603058.SH,永吉股份,0,0,0,0,N/A,0,0,0,0,0,0,0
20210222,000656,3031_m_hait_1905,603069,603069.SH,海汽集团,0,0,0,0,N/A,0,0,0,0,0,0,0
20210222,000656,3031_m_hait_1905,603076,603076.SH,乐惠国际,0,0,0,0,N/A,0,0,0,0,0,0,0
20210222,000656,3031_m_hait_1905,603083,603083.SH,剑桥科技,16600,1,0,0,N/A,0,0,0,0,0,0,16600
20210222,000656,3031_m_hait_1905,603085,603085.SH,天成自控,30400,1,0,0,N/A,0,0,0,0,0,0,30400
20210222,000656,3031_m_hait_1905,603090,603090.SH,宏盛股份,0,0,0,0,N/A,0,0,0,0,0,0,0
20210222,000656,3031_m_hait_1905,603100,603100.SH,川仪股份,0,0,0,0,N/A,0,0,0,0,0,0,0
20210222,000656,3031_m_hait_1905,603110,603110.SH,东方材料,0,0,0,0,N/A,0,0,0,0,0,0,0
20210222,000656,3031_m_hait_1905,603113,603113.SH,金能科技,8700,1,0,0,N/A,0,0,0,0,0,0,8700
20210222,000656,3031_m_hait_1905,603126,603126.SH,中材节能,0,0,0,0,N/A,0,0,0,0,0,0,0
20210222,000656,3031_m_hait_1905,603133,603133.SH,碳元科技,0,0,0,0,N/A,0,0,0,0,0,0,0
20210222,000656,3031_m_hait_1905,603136,603136.SH,天目湖,0,0,0,0,N/A,0,0,0,0,0,0,0
20210222,000656,3031_m_hait_1905,603157,603157.SH,*ST拉夏,0,0,0,0,N/A,0,0,0,0,0,0,0
20210222,000656,3031_m_hait_1905,603159,603159.SH,上海亚虹,0,0,0,0,N/A,0,0,0,0,0,0,0
20210222,000656,3031_m_hait_1905,603167,603167.SH,渤海轮渡,22600,1,0,0,N/A,0,0,0,0,0,0,22600
20210222,000656,3031_m_hait_1905,603168,603168.SH,莎普爱思,0,0,0,0,N/A,0,0,0,0,0,0,0
20210222,000656,3031_m_hait_1905,603169,603169.SH,兰石重装,0,1,0,0,N/A,0,0,0,0,0,0,0
20210222,000656,3031_m_hait_1905,603178,603178.SH,圣龙股份,0,0,0,0,N/A,0,0,0,0,0,0,0
20210222,000656,3031_m_hait_1905,603196,603196.SH,日播时尚,0,0,0,0,N/A,0,0,0,0,0,0,0
20210222,000656,3031_m_hait_1905,603214,603214.SH,爱婴室,0,0,0,0,N/A,0,0,0,0,0,0,0
20210222,000656,3031_m_hait_1905,603222,603222.SH,济民制药,0,0,0,0,N/A,0,0,0,0,0,0,0
20210222,000656,3031_m_hait_1905,603232,603232.SH,格尔软件,0,0,0,0,N/A,0,0,0,0,0,0,0
20210222,000656,3031_m_hait_1905,603260,603260.SH,合盛硅业,3900,1,0,0,N/A,0,0,0,0,0,0,3900
20210222,000656,3031_m_hait_1905,603316,603316.SH,诚邦股份,0,0,0,0,N/A,0,0,0,0,0,0,0
20210222,000656,3031_m_hait_1905,603331,603331.SH,百达精工,0,0,0,0,N/A,0,0,0,0,0,0,0
20210222,000656,3031_m_hait_1905,603332,603332.SH,苏州龙杰,0,0,0,0,N/A,0,0,0,0,0,0,0
20210222,000656,3031_m_hait_1905,603333,603333.SH,尚纬股份,0,0,0,0,N/A,0,0,0,0,0,0,0
20210222,000656,3031_m_hait_1905,603336,603336.SH,宏辉果蔬,0,0,0,0,N/A,0,0,0,0,0,0,0
20210222,000656,3031_m_hait_1905,603337,603337.SH,杰克股份,0,0,0,0,N/A,0,0,0,0,0,0,0
20210222,000656,3031_m_hait_1905,603366,603366.SH,日出东方,0,0,0,0,N/A,0,0,0,0,0,0,0
20210222,000656,3031_m_hait_1905,603377,603377.SH,东方时尚,15300,1,0,0,N/A,0,0,0,0,0,0,15300
20210222,000656,3031_m_hait_1905,603378,603378.SH,亚士创能,0,0,0,0,N/A,0,0,0,0,0,0,0
20210222,000656,3031_m_hait_1905,603396,603396.SH,金辰股份,0,0,0,0,N/A,0,0,0,0,0,0,0
20210222,000656,3031_m_hait_1905,603398,603398.SH,邦宝益智,0,0,0,0,N/A,0,0,0,0,0,0,0
20210222,000656,3031_m_hait_1905,603399,603399.SH,吉翔股份,0,1,0,0,N/A,0,0,0,0,0,0,0
20210222,000656,3031_m_hait_1905,603488,603488.SH,展鹏科技,0,0,0,0,N/A,0,0,0,0,0,0,0
20210222,000656,3031_m_hait_1905,603499,603499.SH,翔港科技,0,0,0,0,N/A,0,0,0,0,0,0,0
20210222,000656,3031_m_hait_1905,603500,603500.SH,祥和实业,0,0,0,0,N/A,0,0,0,0,0,0,0
20210222,000656,3031_m_hait_1905,603507,603507.SH,振江股份,0,0,0,0,N/A,0,0,0,0,0,0,0
20210222,000656,3031_m_hait_1905,603508,603508.SH,思维列控,9200,1,0,0,N/A,0,0,0,0,0,0,9200
20210222,000656,3031_m_hait_1905,603518,603518.SH,锦泓集团,0,0,0,0,N/A,0,0,0,0,0,0,0
20210222,000656,3031_m_hait_1905,603527,603527.SH,众源新材,0,0,0,0,N/A,0,0,0,0,0,0,0
20210222,000656,3031_m_hait_1905,603533,603533.SH,掌阅科技,0,0,0,0,N/A,0,0,0,0,0,0,0
20210222,000656,3031_m_hait_1905,603535,603535.SH,嘉诚国际,0,0,0,0,N/A,0,0,0,0,0,0,0
20210222,000656,3031_m_hait_1905,603536,603536.SH,惠发食品,0,0,0,0,N/A,0,0,0,0,0,0,0
20210222,000656,3031_m_hait_1905,603555,603555.SH,*ST贵人,0,0,0,0,N/A,0,0,0,0,0,0,0
20210222,000656,3031_m_hait_1905,603557,603557.SH,起步股份,0,0,0,0,N/A,0,0,0,0,0,0,0
20210222,000656,3031_m_hait_1905,603559,603559.SH,中通国脉,15200,1,0,0,N/A,0,0,0,0,0,0,15200
20210222,000656,3031_m_hait_1905,603580,603580.SH,艾艾精工,0,0,0,0,N/A,0,0,0,0,0,0,0
20210222,000656,3031_m_hait_1905,603598,603598.SH,引力传媒,0,0,0,0,N/A,0,0,0,0,0,0,0
20210222,000656,3031_m_hait_1905,603602,603602.SH,纵横通信,18400,1,0,0,N/A,0,0,0,0,0,0,18400
20210222,000656,3031_m_hait_1905,603603,603603.SH,博天环境,0,0,0,0,N/A,0,0,0,0,0,0,0
20210222,000656,3031_m_hait_1905,603608,603608.SH,天创时尚,0,0,0,0,N/A,0,0,0,0,0,0,0
20210222,000656,3031_m_hait_1905,603619,603619.SH,中曼石油,0,0,0,0,N/A,0,0,0,0,0,0,0
20210222,000656,3031_m_hait_1905,603626,603626.SH,科森科技,0,0,0,0,N/A,0,0,0,0,0,0,0
20210222,000656,3031_m_hait_1905,603655,603655.SH,朗博科技,0,0,0,0,N/A,0,0,0,0,0,0,0
20210222,000656,3031_m_hait_1905,603663,603663.SH,三祥新材,0,0,0,0,N/A,0,0,0,0,0,0,0
20210222,000656,3031_m_hait_1905,603665,603665.SH,康隆达,0,0,0,0,N/A,0,0,0,0,0,0,0
20210222,000656,3031_m_hait_1905,603679,603679.SH,华体科技,0,0,0,0,N/A,0,0,0,0,0,0,0
20210222,000656,3031_m_hait_1905,603687,603687.SH,大胜达,0,0,0,0,N/A,0,0,0,0,0,0,0
20210222,000656,3031_m_hait_1905,603701,603701.SH,德宏股份,0,0,0,0,N/A,0,0,0,0,0,0,0
20210222,000656,3031_m_hait_1905,603709,603709.SH,中源家居,0,0,0,0,N/A,0,0,0,0,0,0,0
20210222,000656,3031_m_hait_1905,603718,603718.SH,海利生物,16300,1,0,0,N/A,0,0,0,0,0,0,16300
20210222,000656,3031_m_hait_1905,603721,603721.SH,中广天择,0,0,0,0,N/A,0,0,0,0,0,0,0
20210222,000656,3031_m_hait_1905,603722,603722.SH,阿科力,0,0,0,0,N/A,0,0,0,0,0,0,0
20210222,000656,3031_m_hait_1905,603726,603726.SH,朗迪集团,0,0,0,0,N/A,0,0,0,0,0,0,0
20210222,000656,3031_m_hait_1905,603729,603729.SH,龙韵股份,0,0,0,0,N/A,0,0,0,0,0,0,0
20210222,000656,3031_m_hait_1905,603738,603738.SH,泰晶科技,0,0,0,0,N/A,0,0,0,0,0,0,0
20210222,000656,3031_m_hait_1905,603758,603758.SH,秦安股份,0,0,0,0,N/A,0,0,0,0,0,0,0
20210222,000656,3031_m_hait_1905,603779,603779.SH,ST威龙,0,0,0,0,N/A,0,0,0,0,0,0,0
20210222,000656,3031_m_hait_1905,603809,603809.SH,豪能股份,0,0,0,0,N/A,0,0,0,0,0,0,0
20210222,000656,3031_m_hait_1905,603822,603822.SH,嘉澳环保,0,0,0,0,N/A,0,0,0,0,0,0,0
20210222,000656,3031_m_hait_1905,603825,603825.SH,华扬联众,0,0,0,0,N/A,0,0,0,0,0,0,0
20210222,000656,3031_m_hait_1905,603828,603828.SH,柯利达,0,0,0,0,N/A,0,0,0,0,0,0,0
20210222,000656,3031_m_hait_1905,603843,603843.SH,正平股份,0,0,0,0,N/A,0,0,0,0,0,0,0
20210222,000656,3031_m_hait_1905,603848,603848.SH,好太太,0,0,0,0,N/A,0,0,0,0,0,0,0
20210222,000656,3031_m_hait_1905,603863,603863.SH,松炀资源,0,0,0,0,N/A,0,0,0,0,0,0,0
20210222,000656,3031_m_hait_1905,603869,603869.SH,新智认知,0,0,0,0,N/A,0,0,0,0,0,0,0
20210222,000656,3031_m_hait_1905,603879,603879.SH,永悦科技,0,0,0,0,N/A,0,0,0,0,0,0,0
20210222,000656,3031_m_hait_1905,603919,603919.SH,金徽酒,6200,1,0,0,N/A,0,0,0,0,0,0,6200
20210222,000656,3031_m_hait_1905,603920,603920.SH,世运电路,0,0,0,0,N/A,0,0,0,0,0,0,0
20210222,000656,3031_m_hait_1905,603922,603922.SH,金鸿顺,0,0,0,0,N/A,0,0,0,0,0,0,0
20210222,000656,3031_m_hait_1905,603929,603929.SH,亚翔集成,0,0,0,0,N/A,0,0,0,0,0,0,0
20210222,000656,3031_m_hait_1905,603936,603936.SH,博敏电子,15900,1,0,0,N/A,0,0,0,0,0,0,15900
20210222,000656,3031_m_hait_1905,603938,603938.SH,三孚股份,0,0,0,0,N/A,0,0,0,0,0,0,0
20210222,000656,3031_m_hait_1905,603958,603958.SH,哈森股份,0,0,0,0,N/A,0,0,0,0,0,0,0
20210222,000656,3031_m_hait_1905,603959,603959.SH,百利科技,19000,1,0,0,N/A,0,0,0,0,0,0,19000
20210222,000656,3031_m_hait_1905,603970,603970.SH,中农立华,0,0,0,0,N/A,0,0,0,0,0,0,0
20210222,000656,3031_m_hait_1905,603976,603976.SH,正川股份,0,0,0,0,N/A,0,0,0,0,0,0,0
20210222,000656,3031_m_hait_1905,603985,603985.SH,恒润股份,0,0,0,0,N/A,0,0,0,0,0,0,0
20210222,000656,3031_m_hait_1905,603990,603990.SH,麦迪科技,0,0,0,0,N/A,0,0,0,0,0,0,0
20210222,000656,3031_m_hait_1905,603993,603993.SH,洛阳钼业,28100,1,0,0,N/A,0,0,0,0,0,0,28100
20210222,000656,3031_m_hait_1905,603996,603996.SH,*ST中新,0,0,0,0,N/A,0,0,0,0,0,0,0
20210222,000656,3031_m_hait_1905,688005,688005.SH,容百科技,0,1,0,0,N/A,0,0,0,0,0,0,0
20210222,000656,3031_m_hait_1905,688007,688007.SH,光峰科技,0,1,0,0,N/A,0,0,0,0,0,0,0
20210222,000656,3031_m_hait_1905,688011,688011.SH,新光光电,0,1,0,0,N/A,0,0,0,0,0,0,0
20210222,000656,3031_m_hait_1905,688021,688021.SH,奥福环保,0,1,0,0,N/A,0,0,0,0,0,0,0
20210222,000656,3031_m_hait_1905,688036,688036.SH,传音控股,0,1,0,0,N/A,0,0,0,0,0,0,0
20210222,000656,3031_m_hait_1905,688039,688039.SH,当虹科技,0,1,0,0,N/A,0,0,0,0,0,0,0
20210222,000656,3031_m_hait_1905,688058,688058.SH,宝兰德,0,1,0,0,N/A,0,0,0,0,0,0,0
20210222,000656,3031_m_hait_1905,688080,688080.SH,映翰通,0,1,0,0,N/A,0,0,0,0,0,0,0
20210222,000656,3031_m_hait_1905,688108,688108.SH,赛诺医疗,0,1,0,0,N/A,0,0,0,0,0,0,0
20210222,000656,3031_m_hait_1905,688116,688116.SH,天奈科技,0,1,0,0,N/A,0,0,0,0,0,0,0
20210222,000656,3031_m_hait_1905,688118,688118.SH,普元信息,0,1,0,0,N/A,0,0,0,0,0,0,0
20210222,000656,3031_m_hait_1905,688159,688159.SH,有方科技,0,1,0,0,N/A,0,0,0,0,0,0,0
20210222,000656,3031_m_hait_1905,688177,688177.SH,百奥泰-U,0,1,0,0,N/A,0,0,0,0,0,0,0
20210222,000656,3031_m_hait_1905,688196,688196.SH,卓越新能,0,1,0,0,N/A,0,0,0,0,0,0,0
20210222,000656,3031_m_hait_1905,688198,688198.SH,佰仁医疗,0,1,0,0,N/A,0,0,0,0,0,0,0
20210222,000656,3031_m_hait_1905,688202,688202.SH,美迪西,0,1,0,0,N/A,0,0,0,0,0,0,0
20210222,000656,3031_m_hait_1905,688233,688233.SH,神工股份,0,1,0,0,N/A,0,0,0,0,0,0,0
20210222,000656,3031_m_hait_1905,688266,688266.SH,泽Z制药-U,0,1,0,0,N/A,0,0,0,0,0,0,0
20210222,000656,3031_m_hait_1905,688298,688298.SH,东方生物,0,1,0,0,N/A,0,0,0,0,0,0,0
20210222,000656,3031_m_hait_1905,688333,688333.SH,铂力特,0,1,0,0,N/A,0,0,0,0,0,0,0
20210222,000656,3031_m_hait_1905,688363,688363.SH,华熙生物,0,1,0,0,N/A,0,0,0,0,0,0,0
20210222,000656,3031_m_hait_1905,688366,688366.SH,昊海生科,0,1,0,0,N/A,0,0,0,0,0,0,0
20210222,000656,3031_m_hait_1905,688399,688399.SH,硕世生物,0,1,0,0,N/A,0,0,0,0,0,0,0
